x0000,y0000
0,-1,
1,1,
2,0,
3,0,
4,1,
5,0,
6,0,
7,0,
8,1,
9,0,
10,1,
11,1,
12,0,
13,0,
14,0,
15,0,
16,0,
17,1,
18,0,
19,1,
20,0,
21,0,
22,-1,
23,-1,
24,0,
25,1,
26,0,
27,0,
28,0,
29,0,
30,0,
31,0,
32,0,
33,0,
34,0,
35,1,
36,1,
37,0,
38,1,
39,0,
40,1,
41,0,
42,-1,
43,0,
44,0,
45,0,
46,1,
47,0,
48,-1,
49,0,
50,1,
51,-1,
52,1,
53,1,
54,0,
55,1,
56,0,
57,0,
58,0,
59,-1,
60,0,
61,-1,
62,0,
63,0,
64,0,
65,-1,
66,0,
67,1,
68,0,
69,0,
70,1,
71,0,
72,-1,
73,1,
74,0,
75,0,
76,0,
77,2,
78,0,
79,0,
80,0,
81,0,
82,0,
83,-1,
84,0,
85,0,
86,0,
87,0,
88,1,
89,1,
90,0,
91,1,
92,1,
93,0,
94,0,
95,1,
96,0,
97,0,
98,0,
99,1,
100,0,
101,0,
102,1,
103,1,
104,0,
105,0,
106,1,
107,0,
108,0,
109,0,
110,0,
111,0,
112,0,
113,0,
114,0,
115,0,
116,0,
117,1,
118,1,
119,0,
120,1,
121,0,
122,1,
123,1,
124,0,
125,1,
126,0,
127,0,
128,1,
129,0,
130,0,
131,0,
132,0,
133,1,
134,1,
135,1,
136,0,
137,0,
138,0,
139,0,
140,0,
141,0,
142,1,
143,1,
144,0,
145,0,
146,0,
147,0,
148,1,
149,0,
150,1,
151,1,
152,0,
153,0,
154,0,
155,0,
156,0,
157,0,
158,1,
159,0,
160,0,
161,0,
162,0,
163,-1,
164,0,
165,0,
166,1,
167,0,
168,0,
169,0,
170,1,
171,0,
172,0,
173,0,
174,0,
175,0,
176,0,
177,0,
178,-1,
179,1,
180,0,
181,-1,
182,0,
183,0,
184,1,
185,0,
186,0,
187,-1,
188,-1,
189,0,
190,0,
191,0,
192,0,
193,0,
194,0,
195,0,
196,1,
197,0,
198,1,
199,0,
200,0,
201,1,
202,0,
203,0,
204,0,
205,0,
206,0,
207,0,
208,1,
209,0,
210,0,
211,1,
212,0,
213,1,
214,1,
215,0,
216,1,
217,0,
218,0,
219,0,
220,1,
221,-1,
222,0,
223,0,
224,0,
225,0,
226,-1,
227,1,
228,1,
229,0,
230,2,
231,0,
232,0,
233,0,
234,1,
235,1,
236,0,
237,0,
238,0,
239,0,
240,0,
241,1,
242,0,
243,0,
244,1,
245,1,
246,0,
247,0,
248,1,
249,0,
250,0,
251,1,
252,0,
253,0,
254,1,
255,1,
256,1,
257,1,
258,0,
259,0,
260,0,
261,0,
262,0,
263,1,
264,0,
265,0,
266,1,
267,1,
268,0,
269,-1,
270,1,
271,1,
272,0,
273,0,
274,0,
275,0,
276,0,
277,0,
278,0,
279,-1,
280,0,
281,1,
282,1,
283,0,
284,0,
285,0,
286,1,
287,0,
288,0,
289,0,
290,0,
291,0,
292,0,
293,0,
294,1,
295,1,
296,0,
297,0,
298,1,
299,0,
300,0,
301,0,
302,1,
303,1,
304,0,
305,1,
306,1,
307,1,
308,1,
309,1,
310,0,
311,0,
312,1,
313,0,
314,0,
315,0,
316,0,
317,0,
318,1,
319,0,
320,1,
321,0,
322,0,
323,0,
324,0,
325,-1,
326,1,
327,1,
328,0,
329,0,
330,0,
331,1,
332,0,
333,0,
334,0,
335,0,
336,1,
337,0,
338,0,
339,0,
340,0,
341,0,
342,0,
343,0,
344,0,
345,0,
346,0,
347,1,
348,1,
349,1,
350,1,
351,1,
352,0,
353,0,
354,0,
355,0,
356,0,
357,0,
358,0,
359,0,
360,0,
361,0,
362,0,
363,0,
364,0,
365,0,
366,0,
367,0,
368,0,
369,0,
370,-189,
371,140,
372,56,
373,-18,
374,-2,
375,18,
376,11,
377,4,
378,6,
379,17,
380,7,
381,-2,
382,0,
383,-6,
384,14,
385,10,
386,2,
387,2,
388,0,
389,6,
390,14,
391,4,
392,1,
393,3,
394,9,
395,6,
396,3,
397,2,
398,7,
399,8,
400,8,
401,6,
402,5,
403,8,
404,11,
405,9,
406,5,
407,6,
408,10,
409,13,
410,10,
411,5,
412,6,
413,11,
414,12,
415,9,
416,6,
417,7,
418,10,
419,11,
420,9,
421,6,
422,7,
423,11,
424,10,
425,7,
426,4,
427,8,
428,11,
429,11,
430,7,
431,6,
432,8,
433,11,
434,11,
435,8,
436,6,
437,9,
438,8,
439,8,
440,7,
441,6,
442,7,
443,10,
444,7,
445,5,
446,6,
447,8,
448,8,
449,8,
450,5,
451,5,
452,7,
453,8,
454,6,
455,5,
456,4,
457,6,
458,6,
459,5,
460,5,
461,5,
462,5,
463,6,
464,5,
465,4,
466,4,
467,6,
468,5,
469,3,
470,2,
471,4,
472,5,
473,4,
474,3,
475,3,
476,4,
477,4,
478,4,
479,3,
480,2,
481,3,
482,4,
483,3,
484,2,
485,2,
486,3,
487,3,
488,2,
489,2,
490,1,
491,3,
492,2,
493,3,
494,1,
495,3,
496,2,
497,3,
498,2,
499,2,
500,2,
501,2,
502,2,
503,2,
504,1,
505,1,
506,2,
507,2,
508,1,
509,2,
510,2,
511,3,
512,2,
513,1,
514,1,
515,2,
516,2,
517,2,
518,1,
519,1,
520,1,
521,3,
522,0,
523,1,
524,1,
525,1,
526,2,
527,1,
528,1,
529,1,
530,1,
531,1,
532,1,
533,1,
534,1,
535,2,
536,2,
537,1,
538,1,
539,1,
540,1,
541,2,
542,1,
543,2,
544,2,
545,2,
546,2,
547,2,
548,1,
549,1,
550,1,
551,1,
552,1,
553,0,
554,2,
555,2,
556,1,
557,1,
558,1,
559,0,
560,2,
561,1,
562,1,
563,1,
564,1,
565,1,
566,1,
567,0,
568,0,
569,2,
570,1,
571,1,
572,1,
573,1,
574,2,
575,2,
576,1,
577,1,
578,1,
579,0,
580,2,
581,0,
582,1,
583,2,
584,3,
585,2,
586,0,
587,1,
588,1,
589,2,
590,1,
591,2,
592,1,
593,1,
594,2,
595,1,
596,1,
597,2,
598,1,
599,2,
600,0,
601,1,
602,1,
603,2,
604,2,
605,1,
606,0,
607,1,
608,2,
609,1,
610,2,
611,1,
612,1,
613,2,
614,1,
615,1,
616,1,
617,1,
618,1,
619,1,
620,1,
621,1,
622,1,
623,1,
624,1,
625,1,
626,1,
627,1,
628,1,
629,1,
630,1,
631,1,
632,0,
633,1,
634,1,
635,0,
636,0,
637,0,
638,0,
639,1,
640,0,
641,0,
642,0,
643,0,
644,1,
645,2,
646,0,
647,0,
648,1,
649,0,
650,0,
651,1,
652,0,
653,1,
654,0,
655,0,
656,0,
657,0,
658,1,
659,1,
660,0,
661,0,
662,1,
663,0,
664,1,
665,0,
666,1,
667,0,
668,0,
669,1,
670,1,
671,0,
672,0,
673,0,
674,0,
675,0,
676,1,
677,1,
678,0,
679,0,
680,0,
681,0,
682,-1,
683,0,
684,1,
685,0,
686,0,
687,0,
688,1,
689,0,
690,0,
691,0,
692,1,
693,0,
694,0,
695,0,
696,1,
697,-1,
698,0,
699,0,
700,0,
701,-1,
702,1,
703,0,
704,-1,
705,0,
706,-1,
707,1,
708,0,
709,0,
710,0,
711,0,
712,-1,
713,0,
714,-1,
715,0,
716,-1,
717,0,
718,0,
719,0,
720,0,
721,-1,
722,0,
723,0,
724,0,
725,0,
726,0,
727,0,
728,-1,
729,-1,
730,-1,
731,-1,
732,0,
733,-1,
734,-1,
735,0,
736,-1,
737,0,
738,-1,
739,-1,
740,-1,
741,-1,
742,0,
743,0,
744,-1,
745,-1,
746,0,
747,0,
748,-1,
749,-2,
750,0,
751,0,
752,0,
753,-1,
754,-1,
755,-1,
756,-1,
757,-1,
758,0,
759,-1,
760,-1,
761,-1,
762,-1,
763,0,
764,-1,
765,-2,
766,0,
767,-1,
768,0,
769,-1,
770,0,
771,-2,
772,-2,
773,-1,
774,-2,
775,-1,
776,-1,
777,-1,
778,-1,
779,-1,
780,-1,
781,-1,
782,0,
783,-1,
784,-2,
785,-2,
786,-1,
787,-1,
788,-1,
789,-1,
790,-3,
791,-1,
792,-2,
793,-2,
794,-2,
795,-2,
796,-2,
797,-1,
798,-1,
799,-1,
800,-2,
801,-2,
802,-1,
803,-1,
804,-2,
805,-2,
806,-2,
807,-2,
808,-2,
809,-2,
810,-3,
811,-2,
812,-2,
813,-1,
814,-2,
815,-2,
816,-2,
817,-3,
818,-3,
819,-2,
820,-2,
821,-1,
822,-3,
823,-2,
824,-2,
825,-2,
826,-2,
827,-2,
828,-2,
829,-3,
830,-2,
831,-2,
832,-2,
833,-2,
834,-2,
835,-2,
836,-2,
837,-2,
838,-3,
839,-2,
840,-1,
841,-1,
842,-1,
843,-2,
844,-2,
845,-2,
846,-2,
847,-2,
848,-3,
849,-2,
850,-2,
851,-3,
852,-2,
853,-3,
854,-3,
855,-2,
856,-2,
857,-2,
858,-2,
859,-2,
860,-2,
861,-3,
862,-2,
863,-3,
864,-3,
865,-2,
866,-3,
867,-3,
868,-2,
869,-2,
870,-3,
871,-2,
872,-2,
873,-2,
874,-3,
875,-3,
876,-3,
877,-2,
878,-3,
879,-2,
880,-2,
881,-3,
882,-3,
883,-2,
884,-2,
885,-3,
886,-3,
887,-3,
888,-3,
889,-2,
890,-3,
891,-2,
892,-3,
893,-3,
894,-3,
895,-2,
896,-3,
897,-3,
898,-2,
899,-3,
900,-3,
901,-2,
902,-2,
903,-2,
904,-2,
905,-2,
906,-3,
907,-2,
908,-3,
909,-2,
910,-1,
911,-2,
912,-1,
913,-2,
914,-2,
915,-2,
916,-1,
917,-2,
918,-1,
919,-2,
920,-2,
921,-2,
922,-2,
923,-1,
924,-2,
925,-2,
926,-1,
927,-2,
928,-3,
929,-2,
930,-3,
931,-2,
932,-1,
933,-2,
934,-2,
935,-2,
936,-1,
937,-3,
938,-2,
939,-2,
940,-2,
941,-1,
942,-3,
943,-1,
944,-3,
945,-3,
946,-2,
947,-3,
948,-2,
949,-2,
950,-1,
951,-3,
952,-3,
953,-1,
954,-2,
955,-2,
956,-2,
957,-2,
958,-2,
959,-2,
960,-2,
961,-2,
962,-2,
963,-2,
964,-3,
965,-2,
966,-2,
967,-2,
968,-2,
969,-2,
970,-3,
971,-2,
972,-2,
973,-2,
974,-2,
975,-2,
976,-3,
977,-2,
978,-3,
979,-2,
980,-2,
981,-2,
982,-2,
983,-2,
984,-2,
985,-2,
986,-2,
987,-3,
988,-2,
989,-3,
990,-2,
991,-2,
992,-1,
993,-2,
994,-2,
995,-2,
996,-1,
997,-1,
998,-2,
999,-2,
1000,-2,
1001,-2,
1002,-2,
1003,-1,
1004,-2,
1005,-1,
1006,-2,
1007,-2,
1008,-2,
1009,-2,
1010,-2,
1011,-2,
1012,-2,
1013,-2,
1014,-2,
1015,-3,
1016,-1,
1017,-2,
1018,-2,
1019,-2,
1020,-3,
1021,-2,
1022,-2,
1023,-1,
1024,-2,
1025,-2,
1026,-2,
1027,-2,
1028,-1,
1029,-2,
1030,-1,
1031,-2,
1032,-2,
1033,-2,
1034,-2,
1035,-2,
1036,-2,
1037,-2,
1038,-2,
1039,-2,
1040,-2,
1041,-2,
1042,-2,
1043,-2,
1044,-3,
1045,-2,
1046,-2,
1047,-1,
1048,-2,
1049,-3,
1050,-2,
1051,-2,
1052,-2,
1053,-1,
1054,-2,
1055,-3,
1056,-2,
1057,-2,
1058,-2,
1059,-2,
1060,-2,
1061,-3,
1062,-2,
1063,-2,
1064,-2,
1065,-2,
1066,-2,
1067,-2,
1068,-1,
1069,-2,
1070,-2,
1071,-3,
1072,-2,
1073,-2,
1074,-1,
1075,-2,
1076,-2,
1077,-2,
1078,-2,
1079,-1,
1080,-2,
1081,-2,
1082,-2,
1083,-2,
1084,-1,
1085,-2,
1086,-2,
1087,-2,
1088,-3,
1089,-2,
1090,-2,
1091,-2,
1092,-3,
1093,-2,
1094,-2,
1095,-2,
1096,-2,
1097,-2,
1098,-2,
1099,-1,
1100,-1,
1101,-2,
1102,-2,
1103,-2,
1104,-2,
1105,-2,
1106,-2,
1107,-2,
1108,-1,
1109,-2,
1110,-1,
1111,-3,
1112,-2,
1113,-2,
1114,-2,
1115,-2,
1116,-2,
1117,-2,
1118,-2,
1119,-2,
1120,-1,
1121,-2,
1122,-3,
1123,-2,
1124,-1,
1125,-1,
1126,-1,
1127,-1,
1128,-1,
1129,-2,
1130,-1,
1131,-2,
1132,-2,
1133,-2,
1134,-1,
1135,-2,
1136,-1,
1137,-2,
1138,-2,
1139,-1,
1140,-2,
1141,-1,
1142,-1,
1143,-2,
1144,-1,
1145,-2,
1146,-2,
1147,-2,
1148,-2,
1149,-2,
1150,-2,
1151,-2,
1152,-1,
1153,-2,
1154,-3,
1155,-2,
1156,-1,
1157,-1,
1158,-2,
1159,-2,
1160,-2,
1161,-2,
1162,-2,
1163,-1,
1164,-2,
1165,-1,
1166,-1,
1167,-1,
1168,-3,
1169,-1,
1170,-2,
1171,-2,
1172,-3,
1173,-1,
1174,-2,
1175,-2,
1176,-2,
1177,-2,
1178,-2,
1179,-2,
1180,-1,
1181,-1,
1182,-1,
1183,-2,
1184,-2,
1185,-2,
1186,-2,
1187,-2,
1188,-2,
1189,-2,
1190,-1,
1191,-2,
1192,-2,
1193,-3,
1194,-3,
1195,-2,
1196,-2,
1197,-1,
1198,-2,
1199,-2,
1200,-2,
1201,-2,
1202,-2,
1203,-2,
1204,-2,
1205,-2,
1206,-3,
1207,-2,
1208,-2,
1209,-2,
1210,-2,
1211,-2,
1212,-2,
1213,-2,
1214,-2,
1215,-1,
1216,-2,
1217,-2,
1218,-2,
1219,-2,
1220,-2,
1221,-2,
1222,-2,
1223,-2,
1224,-2,
1225,-2,
1226,-2,
1227,-2,
1228,-2,
1229,-1,
1230,-1,
1231,-1,
1232,-2,
1233,-2,
1234,-2,
1235,-2,
1236,-2,
1237,-2,
1238,-1,
1239,-1,
1240,-2,
1241,-2,
1242,-1,
1243,-1,
1244,-2,
1245,-1,
1246,-2,
1247,-1,
1248,-1,
1249,-2,
1250,-1,
1251,-1,
1252,-1,
1253,-1,
1254,-1,
1255,-2,
1256,-1,
1257,-2,
1258,-2,
1259,-2,
1260,-2,
1261,-1,
1262,-1,
1263,-2,
1264,-1,
1265,-2,
1266,-2,
1267,-1,
1268,-1,
1269,-1,
1270,-1,
1271,-1,
1272,-1,
1273,-2,
1274,-2,
1275,-1,
1276,-1,
1277,-1,
1278,-1,
1279,-1,
1280,-2,
1281,0,
1282,-2,
1283,-1,
1284,-1,
1285,-2,
1286,-2,
1287,0,
1288,-1,
1289,-1,
1290,-1,
1291,0,
1292,-2,
1293,-2,
1294,-1,
1295,-1,
1296,-1,
1297,-1,
1298,-1,
1299,0,
1300,0,
1301,0,
1302,-1,
1303,-1,
1304,0,
1305,0,
1306,-1,
1307,-1,
1308,-1,
1309,0,
1310,0,
1311,0,
1312,-1,
1313,-1,
1314,-1,
1315,-1,
1316,-1,
1317,-1,
1318,0,
1319,0,
1320,-1,
1321,0,
1322,-1,
1323,0,
1324,0,
1325,0,
1326,0,
1327,0,
1328,0,
1329,0,
1330,0,
1331,0,
1332,-1,
1333,0,
1334,-1,
1335,-1,
1336,-1,
1337,-1,
1338,0,
1339,0,
1340,-1,
1341,0,
1342,0,
1343,-1,
1344,-1,
1345,-1,
1346,0,
1347,0,
1348,0,
1349,0,
1350,0,
1351,0,
1352,0,
1353,0,
1354,0,
1355,-1,
1356,-1,
1357,-1,
1358,0,
1359,0,
1360,0,
1361,0,
1362,0,
1363,0,
1364,-1,
1365,-1,
1366,-1,
1367,1,
1368,0,
1369,1,
1370,0,
1371,-1,
1372,0,
1373,0,
1374,0,
1375,0,
1376,-1,
1377,-1,
1378,-1,
1379,0,
1380,0,
1381,0,
1382,0,
1383,1,
1384,0,
1385,0,
1386,0,
1387,0,
1388,0,
1389,0,
1390,1,
1391,0,
1392,1,
1393,0,
1394,1,
1395,0,
1396,-1,
1397,0,
1398,0,
1399,0,
1400,0,
1401,0,
1402,0,
1403,0,
1404,1,
1405,0,
1406,1,
1407,1,
1408,0,
1409,0,
1410,0,
1411,-1,
1412,0,
1413,0,
1414,0,
1415,0,
1416,0,
1417,0,
1418,0,
1419,0,
1420,1,
1421,0,
1422,1,
1423,0,
1424,0,
1425,1,
1426,1,
1427,0,
1428,1,
1429,1,
1430,0,
1431,1,
1432,0,
1433,0,
1434,1,
1435,0,
1436,0,
1437,0,
1438,0,
1439,0,
1440,0,
1441,1,
1442,0,
1443,1,
1444,0,
1445,1,
1446,0,
1447,1,
1448,0,
1449,0,
1450,0,
1451,1,
1452,-1,
1453,1,
1454,1,
1455,0,
1456,0,
1457,-1,
1458,1,
1459,-1,
1460,0,
1461,0,
1462,1,
1463,0,
1464,1,
1465,1,
1466,0,
1467,0,
1468,0,
1469,0,
1470,1,
1471,0,
1472,0,
1473,0,
1474,0,
1475,0,
1476,1,
1477,0,
1478,0,
1479,0,
1480,0,
1481,0,
1482,0,
1483,1,
1484,0,
1485,0,
1486,0,
1487,0,
1488,1,
1489,1,
1490,1,
1491,0,
1492,0,
1493,-1,
1494,0,
1495,1,
1496,1,
1497,0,
1498,1,
1499,1,
1500,1,
1501,1,
1502,1,
1503,0,
1504,1,
1505,1,
1506,0,
1507,0,
1508,1,
1509,1,
1510,0,
1511,1,
1512,1,
1513,1,
1514,0,
1515,1,
1516,1,
1517,2,
1518,0,
1519,0,
1520,1,
1521,1,
1522,1,
1523,1,
1524,1,
1525,0,
1526,0,
1527,0,
1528,0,
1529,0,
1530,1,
1531,1,
1532,0,
1533,0,
1534,1,
1535,0,
1536,1,
1537,1,
1538,1,
1539,1,
1540,0,
1541,0,
1542,0,
1543,0,
1544,1,
1545,1,
1546,0,
1547,0,
1548,0,
1549,1,
1550,1,
1551,1,
1552,1,
1553,0,
1554,1,
1555,1,
1556,1,
1557,0,
1558,1,
1559,0,
1560,1,
1561,0,
1562,0,
1563,0,
1564,1,
1565,1,
1566,1,
1567,0,
1568,1,
1569,1,
1570,1,
1571,0,
1572,1,
1573,-1,
1574,-1,
1575,-1,
1576,0,
1577,1,
1578,0,
1579,0,
1580,0,
1581,0,
1582,0,
1583,0,
1584,0,
1585,0,
1586,0,
1587,1,
1588,1,
1589,1,
1590,1,
1591,0,
1592,0,
1593,0,
1594,0,
1595,0,
1596,0,
1597,1,
1598,0,
1599,1,
1600,1,
1601,1,
1602,0,
1603,0,
1604,1,
1605,0,
1606,0,
1607,1,
1608,0,
1609,1,
1610,1,
1611,0,
1612,1,
1613,1,
1614,0,
1615,1,
1616,0,
1617,1,
1618,0,
1619,0,
1620,0,
1621,0,
1622,0,
1623,1,
1624,0,
1625,0,
1626,0,
1627,0,
1628,0,
1629,0,
1630,0,
1631,1,
1632,0,
1633,0,
1634,0,
1635,0,
1636,0,
1637,0,
1638,0,
1639,1,
1640,0,
1641,0,
1642,1,
1643,0,
1644,0,
1645,0,
1646,0,
1647,1,
1648,2,
1649,0,
1650,1,
1651,0,
1652,0,
1653,-1,
1654,1,
1655,0,
1656,1,
1657,1,
1658,0,
1659,0,
1660,0,
1661,0,
1662,1,
1663,0,
1664,0,
1665,-1,
1666,1,
1667,-1,
1668,1,
1669,1,
1670,0,
1671,0,
1672,0,
1673,0,
1674,0,
1675,1,
1676,-1,
1677,-1,
1678,1,
1679,1,
1680,0,
1681,-1,
1682,0,
1683,1,
1684,0,
1685,2,
1686,1,
1687,0,
1688,0,
1689,1,
1690,0,
1691,0,
1692,0,
1693,1,
1694,0,
1695,1,
1696,0,
1697,0,
1698,1,
1699,1,
1700,1,
1701,0,
1702,0,
1703,1,
1704,0,
1705,0,
1706,1,
1707,0,
1708,0,
1709,0,
1710,0,
1711,1,
1712,0,
1713,0,
1714,1,
1715,1,
1716,0,
1717,0,
1718,0,
1719,1,
1720,-1,
1721,0,
1722,0,
1723,0,
1724,-1,
1725,0,
1726,0,
1727,-1,
1728,0,
1729,1,
1730,0,
1731,0,
1732,0,
1733,-1,
1734,0,
1735,0,
1736,-1,
1737,0,
1738,1,
1739,1,
1740,0,
1741,0,
1742,0,
1743,0,
1744,0,
1745,0,
1746,1,
1747,0,
1748,0,
1749,0,
1750,0,
1751,0,
1752,0,
1753,1,
1754,0,
1755,0,
1756,1,
1757,0,
1758,1,
1759,0,
1760,0,
1761,0,
1762,0,
1763,0,
1764,0,
1765,0,
1766,0,
1767,1,
1768,0,
1769,0,
1770,0,
1771,0,
1772,0,
1773,0,
1774,0,
1775,0,
1776,0,
1777,0,
1778,0,
1779,0,
1780,0,
1781,0,
1782,1,
1783,0,
1784,-1,
1785,0,
1786,1,
1787,1,
1788,0,
1789,0,
1790,0,
1791,0,
1792,0,
1793,1,
1794,0,
1795,0,
1796,-1,
1797,1,
1798,0,
1799,0,
1800,0,
1801,1,
1802,1,
1803,0,
1804,0,
1805,1,
1806,1,
1807,0,
1808,-1,
1809,1,
1810,0,
1811,0,
1812,0,
1813,0,
1814,0,
1815,1,
1816,1,
1817,0,
1818,0,
1819,0,
1820,0,
1821,1,
1822,0,
1823,0,
1824,0,
1825,1,
1826,0,
1827,-1,
1828,0,
1829,0,
1830,0,
1831,1,
1832,1,
1833,1,
1834,0,
1835,0,
1836,0,
1837,0,
1838,0,
1839,0,
1840,0,
1841,1,
1842,0,
1843,1,
1844,0,
1845,0,
1846,-1,
1847,1,
1848,0,
1849,-1,
1850,-2,
1851,-1,
1852,-1,
1853,0,
1854,0,
1855,0,
1856,1,
1857,0,
1858,0,
1859,-1,
1860,0,
1861,0,
1862,1,
1863,0,
1864,0,
1865,1,
1866,0,
1867,0,
1868,1,
1869,0,
1870,0,
1871,0,
1872,0,
1873,0,
1874,-1,
1875,1,
1876,0,
1877,0,
1878,0,
1879,0,
1880,0,
1881,-1,
1882,0,
1883,0,
1884,0,
1885,1,
1886,0,
1887,0,
1888,0,
1889,0,
1890,0,
1891,0,
1892,0,
1893,0,
1894,0,
1895,0,
1896,0,
1897,0,
1898,0,
1899,0,
1900,-1,
1901,1,
1902,0,
1903,0,
1904,0,
1905,-1,
1906,-1,
1907,-1,
1908,0,
1909,0,
1910,0,
1911,1,
1912,1,
1913,0,
1914,0,
1915,0,
1916,0,
1917,0,
1918,-1,
1919,-1,
1920,0,
1921,0,
1922,0,
1923,0,
1924,0,
1925,0,
1926,1,
1927,0,
1928,1,
1929,0,
1930,0,
1931,0,
1932,0,
1933,0,
1934,1,
1935,0,
1936,0,
1937,0,
1938,0,
1939,1,
1940,0,
1941,0,
1942,0,
1943,1,
1944,0,
1945,1,
1946,0,
1947,0,
1948,1,
1949,-1,
1950,0,
1951,1,
1952,0,
1953,-1,
1954,1,
1955,0,
1956,0,
1957,1,
1958,1,
1959,0,
1960,0,
1961,0,
1962,-1,
1963,-1,
1964,0,
1965,0,
1966,1,
1967,0,
1968,0,
1969,1,
1970,0,
1971,0,
1972,0,
1973,0,
1974,0,
1975,0,
1976,0,
1977,0,
1978,0,
1979,0,
1980,0,
1981,0,
1982,0,
1983,0,
1984,0,
1985,1,
1986,0,
1987,0,
1988,1,
1989,0,
1990,0,
1991,0,
1992,0,
1993,0,
1994,1,
1995,0,
1996,0,
1997,0,
1998,0,
1999,1,
2000,0,
2001,0,
2002,0,
2003,0,
2004,1,
2005,0,
2006,0,
2007,0,
2008,0,
2009,0,
2010,0,
2011,0,
2012,-1,
2013,0,
2014,0,
2015,0,
2016,0,
2017,1,
2018,0,
2019,1,
2020,0,
2021,1,
2022,1,
2023,0,
2024,1,
2025,0,
2026,0,
2027,0,
2028,1,
2029,1,
2030,0,
2031,0,
2032,0,
2033,1,
2034,0,
2035,0,
2036,1,
2037,2,
2038,-1,
2039,1,
2040,0,
2041,1,
2042,1,
2043,1,
2044,0,
2045,0,
2046,0,
2047,0,
2048,1,
2049,0,
2050,-1,
2051,0,
2052,1,
2053,0,
2054,1,
2055,0,
2056,0,
2057,0,
2058,1,
2059,1,
2060,0,
2061,0,
2062,0,
2063,0,
2064,1,
2065,2,
2066,1,
2067,0,
2068,0,
2069,0,
2070,1,
2071,1,
2072,1,
2073,1,
2074,0,
2075,0,
2076,1,
2077,0,
2078,0,
2079,1,
2080,2,
2081,0,
2082,-1,
2083,0,
2084,2,
2085,1,
2086,0,
2087,0,
2088,1,
2089,1,
2090,1,
2091,1,
2092,1,
2093,1,
2094,1,
2095,0,
2096,1,
2097,0,
2098,1,
2099,0,
2100,0,
2101,0,
2102,0,
2103,0,
2104,0,
2105,1,
2106,1,
2107,0,
2108,0,
2109,0,
2110,0,
2111,1,
2112,1,
2113,0,
2114,0,
2115,0,
2116,1,
2117,0,
2118,0,
2119,0,
2120,-1,
2121,-1,
2122,0,
2123,0,
2124,1,
2125,0,
2126,0,
2127,0,
2128,1,
2129,0,
2130,0,
2131,0,
2132,0,
2133,0,
2134,0,
2135,1,
2136,1,
2137,0,
2138,0,
2139,0,
2140,0,
2141,0,
2142,0,
2143,0,
2144,1,
2145,0,
2146,-1,
2147,0,
2148,0,
2149,0,
2150,0,
2151,0,
2152,1,
2153,0,
2154,1,
2155,1,
2156,0,
2157,0,
2158,0,
2159,0,
2160,0,
2161,1,
2162,0,
2163,0,
2164,1,
2165,-1,
2166,0,
2167,0,
2168,1,
2169,1,
2170,0,
2171,1,
2172,-1,
2173,0,
2174,0,
2175,0,
2176,1,
2177,1,
2178,1,
2179,0,
2180,1,
2181,1,
2182,0,
2183,1,
2184,0,
2185,1,
2186,0,
2187,0,
2188,0,
2189,0,
2190,0,
2191,0,
2192,0,
2193,0,
2194,0,
2195,1,
2196,0,
2197,0,
2198,0,
2199,1,
2200,0,
2201,0,
2202,1,
2203,0,
2204,0,
2205,1,
2206,0,
2207,0,
2208,0,
2209,1,
2210,1,
2211,-1,
2212,0,
2213,0,
2214,1,
2215,0,
2216,0,
2217,0,
2218,1,
2219,0,
2220,-1,
2221,0,
2222,1,
2223,0,
2224,0,
2225,0,
2226,1,
2227,1,
2228,0,
2229,0,
2230,1,
2231,0,
2232,-1,
2233,1,
2234,0,
2235,0,
2236,1,
2237,0,
2238,0,
2239,0,
2240,0,
2241,0,
2242,1,
2243,0,
2244,0,
2245,0,
2246,1,
2247,0,
2248,0,
2249,1,
2250,0,
2251,0,
2252,0,
2253,-1,
2254,0,
2255,0,
2256,0,
2257,0,
2258,0,
2259,0,
2260,1,
2261,0,
2262,0,
2263,1,
2264,0,
2265,0,
2266,1,
2267,0,
2268,0,
2269,0,
2270,1,
2271,0,
2272,1,
2273,0,
2274,-1,
2275,0,
2276,1,
2277,0,
2278,0,
2279,0,
2280,0,
2281,0,
2282,1,
2283,0,
2284,0,
2285,1,
2286,0,
2287,0,
2288,0,
2289,0,
2290,2,
2291,1,
2292,0,
2293,0,
2294,1,
2295,0,
2296,-1,
2297,1,
2298,1,
2299,0,
2300,1,
2301,-1,
2302,1,
2303,1,
2304,0,
2305,-1,
2306,1,
2307,0,
2308,-1,
2309,0,
2310,1,
2311,0,
2312,1,
2313,0,
2314,0,
2315,1,
2316,1,
2317,1,
2318,0,
2319,0,
2320,0,
2321,0,
2322,-1,
2323,1,
2324,0,
2325,0,
2326,1,
2327,0,
2328,0,
2329,0,
2330,0,
2331,0,
2332,0,
2333,-1,
2334,0,
2335,0,
2336,1,
2337,0,
2338,0,
2339,0,
2340,0,
2341,0,
2342,1,
2343,0,
2344,1,
2345,0,
2346,0,
2347,0,
2348,0,
2349,0,
2350,-1,
2351,1,
2352,0,
2353,0,
2354,0,
2355,-1,
2356,0,
2357,-1,
2358,0,
2359,1,
2360,0,
2361,0,
2362,0,
2363,0,
2364,0,
2365,0,
2366,1,
2367,0,
2368,-1,
2369,0,
2370,1,
2371,0,
2372,-1,
2373,0,
2374,0,
2375,0,
2376,0,
2377,0,
2378,0,
2379,0,
2380,0,
2381,0,
2382,0,
2383,0,
2384,0,
2385,0,
2386,0,
2387,0,
2388,0,
2389,0,
2390,1,
2391,0,
2392,0,
2393,0,
2394,1,
2395,-1,
2396,-1,
2397,0,
2398,0,
2399,0,
2400,0,
2401,0,
2402,-1,
2403,0,
2404,0,
2405,0,
2406,0,
2407,1,
2408,0,
2409,0,
2410,0,
2411,1,
2412,-1,
2413,1,
2414,0,
2415,1,
2416,0,
2417,0,
2418,0,
2419,0,
2420,0,
2421,-1,
2422,0,
2423,0,
2424,0,
2425,-1,
2426,-1,
2427,-1,
2428,0,
2429,0,
2430,0,
2431,0,
2432,0,
2433,0,
2434,0,
2435,0,
2436,0,
2437,0,
2438,0,
2439,-1,
2440,0,
2441,0,
2442,0,
2443,1,
2444,-1,
2445,0,
2446,-1,
2447,0,
2448,0,
2449,0,
2450,0,
2451,0,
2452,0,
2453,0,
2454,0,
2455,1,
2456,0,
2457,0,
2458,0,
2459,0,
2460,0,
2461,1,
2462,0,
2463,1,
2464,0,
2465,0,
2466,1,
2467,0,
2468,0,
2469,-1,
2470,0,
2471,0,
2472,0,
2473,0,
2474,-1,
2475,0,
2476,0,
2477,-1,
2478,-1,
2479,0,
2480,0,
2481,-1,
2482,0,
2483,1,
2484,0,
2485,0,
2486,0,
2487,0,
2488,-1,
2489,0,
2490,0,
2491,0,
2492,-2,
2493,0,
2494,-1,
2495,0,
2496,-1,
2497,-1,
2498,0,
2499,0,
2500,0,
2501,0,
2502,0,
2503,0,
2504,0,
2505,0,
2506,0,
2507,-1,
2508,1,
2509,0,
2510,0,
2511,1,
2512,0,
2513,0,
2514,1,
2515,1,
2516,0,
2517,0,
2518,1,
2519,0,
2520,0,
2521,-1,
2522,0,
2523,0,
2524,1,
2525,1,
2526,0,
2527,0,
2528,0,
2529,0,
2530,0,
2531,0,
2532,0,
2533,0,
2534,0,
2535,0,
2536,-1,
2537,-1,
2538,0,
2539,-1,
2540,0,
2541,0,
2542,0,
2543,-1,
2544,0,
2545,-1,
2546,0,
2547,0,
2548,-1,
2549,0,
2550,0,
2551,0,
2552,2,
2553,-1,
2554,-1,
2555,0,
2556,-1,
2557,-1,
2558,0,
2559,-1,
2560,0,
2561,-1,
2562,0,
2563,0,
2564,-1,
2565,0,
2566,0,
2567,-1,
2568,1,
2569,0,
2570,0,
2571,-1,
2572,0,
2573,0,
2574,0,
2575,-1,
2576,0,
2577,-1,
2578,0,
2579,0,
2580,0,
2581,0,
2582,0,
2583,0,
2584,1,
2585,0,
2586,0,
2587,0,
2588,0,
2589,1,
2590,0,
2591,0,
2592,0,
2593,0,
2594,0,
2595,0,
2596,1,
2597,0,
2598,0,
2599,0,
2600,0,
2601,-1,
2602,1,
2603,0,
2604,0,
2605,0,
2606,0,
2607,1,
2608,1,
2609,0,
2610,1,
2611,0,
2612,0,
2613,0,
2614,0,
2615,-1,
2616,0,
2617,0,
2618,0,
2619,0,
2620,0,
2621,1,
2622,0,
2623,0,
2624,0,
2625,0,
2626,-1,
2627,0,
2628,0,
2629,0,
2630,0,
2631,1,
2632,1,
2633,0,
2634,0,
2635,0,
2636,0,
2637,0,
2638,-1,
2639,1,
2640,0,
2641,0,
2642,-1,
2643,0,
2644,1,
2645,0,
2646,0,
2647,-1,
2648,0,
2649,0,
2650,0,
2651,-1,
2652,0,
2653,0,
2654,0,
2655,0,
2656,-1,
2657,-1,
2658,0,
2659,0,
2660,1,
2661,0,
2662,0,
2663,0,
2664,0,
2665,0,
2666,0,
2667,0,
2668,0,
2669,0,
2670,0,
2671,1,
2672,0,
2673,1,
2674,0,
2675,0,
2676,0,
2677,0,
2678,0,
2679,0,
2680,0,
2681,1,
2682,-1,
2683,1,
2684,0,
2685,0,
2686,0,
2687,0,
2688,0,
2689,0,
2690,1,
2691,0,
2692,1,
2693,0,
2694,0,
2695,1,
2696,0,
2697,1,
2698,0,
2699,-1,
2700,0,
2701,1,
2702,0,
2703,0,
2704,0,
2705,1,
2706,0,
2707,0,
2708,0,
2709,0,
2710,0,
2711,0,
2712,0,
2713,0,
2714,0,
2715,1,
2716,0,
2717,0,
2718,1,
2719,0,
2720,0,
2721,0,
2722,0,
2723,0,
2724,-1,
2725,-1,
2726,0,
2727,0,
2728,-1,
2729,1,
2730,-1,
2731,-1,
2732,0,
2733,0,
2734,0,
2735,0,
2736,1,
2737,0,
2738,0,
2739,0,
2740,0,
2741,0,
2742,0,
2743,0,
2744,1,
2745,0,
2746,1,
2747,0,
2748,0,
2749,0,
2750,0,
2751,-1,
2752,0,
2753,0,
2754,0,
2755,1,
2756,1,
2757,0,
2758,0,
2759,0,
2760,0,
2761,0,
2762,0,
2763,1,
2764,0,
2765,-1,
2766,0,
2767,-1,
2768,0,
2769,-1,
2770,0,
2771,0,
2772,1,
2773,-1,
2774,-1,
2775,0,
2776,0,
2777,-1,
2778,0,
2779,-1,
2780,0,
2781,0,
2782,-1,
2783,-1,
2784,1,
2785,1,
2786,0,
2787,0,
2788,0,
2789,0,
2790,0,
2791,-1,
2792,0,
2793,0,
2794,0,
2795,1,
2796,0,
2797,1,
2798,0,
2799,0,
2800,-1,
2801,0,
2802,0,
2803,0,
2804,0,
2805,0,
2806,0,
2807,0,
2808,0,
2809,1,
2810,-1,
2811,1,
2812,0,
2813,1,
2814,0,
2815,0,
2816,0,
2817,0,
2818,0,
2819,1,
2820,0,
2821,1,
2822,0,
2823,0,
2824,0,
2825,-1,
2826,0,
2827,0,
2828,0,
2829,0,
2830,-1,
2831,0,
2832,0,
2833,-1,
2834,0,
2835,0,
2836,1,
2837,0,
2838,0,
2839,-1,
2840,0,
2841,0,
2842,0,
2843,-1,
2844,1,
2845,0,
2846,0,
2847,0,
2848,0,
2849,0,
2850,0,
2851,0,
2852,0,
2853,0,
2854,-1,
2855,0,
2856,0,
2857,0,
2858,0,
2859,0,
2860,1,
2861,0,
2862,0,
2863,1,
2864,0,
2865,0,
2866,1,
2867,0,
2868,0,
2869,0,
2870,0,
2871,0,
2872,0,
2873,-1,
2874,0,
2875,1,
2876,0,
2877,0,
2878,0,
2879,1,
2880,-1,
2881,-1,
2882,-1,
2883,-1,
2884,-1,
2885,0,
2886,1,
2887,0,
2888,0,
2889,1,
2890,1,
2891,1,
2892,0,
2893,1,
2894,0,
2895,1,
2896,0,
2897,0,
2898,0,
2899,0,
2900,0,
2901,1,
2902,1,
2903,0,
2904,0,
2905,0,
2906,0,
2907,0,
2908,0,
2909,0,
2910,1,
2911,0,
2912,-1,
2913,0,
2914,1,
2915,0,
2916,0,
2917,0,
2918,0,
2919,0,
2920,0,
2921,0,
2922,1,
2923,0,
2924,0,
2925,0,
2926,0,
2927,0,
2928,0,
2929,0,
2930,1,
2931,0,
2932,0,
2933,0,
2934,0,
2935,1,
2936,1,
2937,0,
2938,0,
2939,0,
2940,0,
2941,0,
2942,-1,
2943,0,
2944,0,
2945,0,
2946,0,
2947,0,
2948,0,
2949,0,
2950,0,
2951,1,
2952,0,
2953,1,
2954,1,
2955,0,
2956,0,
2957,0,
2958,1,
2959,1,
2960,1,
2961,0,
2962,0,
2963,0,
2964,0,
2965,0,
2966,0,
2967,0,
2968,0,
2969,1,
2970,0,
2971,0,
2972,0,
2973,0,
2974,1,
2975,0,
2976,0,
2977,1,
2978,0,
2979,1,
2980,0,
2981,1,
2982,1,
2983,0,
2984,1,
2985,2,
2986,0,
2987,1,
2988,1,
2989,0,
2990,0,
2991,0,
2992,0,
2993,0,
2994,1,
2995,-1,
2996,1,
2997,1,
2998,0,
2999,0,
3000,0,
3001,0,
3002,1,
3003,0,
3004,0,
3005,0,
3006,0,
3007,1,
3008,0,
3009,0,
3010,0,
3011,0,
3012,0,
3013,0,
3014,1,
3015,0,
3016,0,
3017,-1,
3018,0,
3019,0,
3020,0,
3021,0,
3022,-1,
3023,0,
3024,0,
3025,0,
3026,0,
3027,0,
3028,0,
3029,0,
3030,1,
3031,1,
3032,0,
3033,0,
3034,0,
3035,0,
3036,0,
3037,0,
3038,0,
3039,0,
3040,0,
3041,-1,
3042,0,
3043,-1,
3044,0,
3045,1,
3046,1,
3047,1,
3048,0,
3049,-1,
3050,1,
3051,0,
3052,1,
3053,0,
3054,0,
3055,-1,
3056,0,
3057,1,
3058,0,
3059,1,
3060,-1,
3061,1,
3062,0,
3063,1,
3064,1,
3065,1,
3066,0,
3067,1,
3068,0,
3069,1,
3070,0,
3071,0,
3072,1,
3073,0,
3074,1,
3075,1,
3076,1,
3077,0,
3078,0,
3079,1,
3080,0,
3081,0,
3082,0,
3083,0,
3084,0,
3085,1,
3086,0,
3087,0,
3088,0,
3089,0,
3090,0,
3091,0,
3092,0,
3093,0,
3094,0,
3095,1,
3096,1,
3097,0,
3098,0,
3099,0,
3100,-1,
3101,0,
3102,1,
3103,-1,
3104,0,
3105,0,
3106,0,
3107,0,
3108,0,
3109,1,
3110,0,
3111,0,
3112,1,
3113,1,
3114,1,
3115,0,
3116,0,
3117,0,
3118,1,
3119,0,
3120,-1,
3121,1,
3122,0,
3123,0,
3124,0,
3125,1,
3126,1,
3127,0,
3128,0,
3129,1,
3130,1,
3131,1,
3132,0,
3133,1,
3134,0,
3135,0,
3136,1,
3137,0,
3138,0,
3139,1,
3140,1,
3141,0,
3142,1,
3143,1,
3144,0,
3145,0,
3146,0,
3147,1,
3148,1,
3149,-1,
3150,0,
3151,0,
3152,0,
3153,0,
3154,0,
3155,1,
3156,0,
3157,0,
3158,1,
3159,1,
3160,0,
3161,1,
3162,0,
3163,1,
3164,0,
3165,1,
3166,0,
3167,0,
3168,0,
3169,1,
3170,0,
3171,0,
3172,1,
3173,0,
3174,0,
3175,0,
3176,1,
3177,0,
3178,1,
3179,1,
3180,0,
3181,1,
3182,0,
3183,0,
3184,0,
3185,0,
3186,1,
3187,1,
3188,0,
3189,0,
3190,0,
3191,0,
3192,0,
3193,1,
3194,1,
3195,0,
3196,0,
3197,-1,
3198,0,
3199,0,
3200,0,
3201,0,
3202,0,
3203,1,
3204,0,
3205,0,
3206,1,
3207,0,
3208,0,
3209,0,
3210,0,
3211,1,
3212,-1,
3213,0,
3214,1,
3215,1,
3216,0,
3217,1,
3218,0,
3219,0,
3220,0,
3221,0,
3222,0,
3223,1,
3224,0,
3225,1,
3226,0,
3227,1,
3228,1,
3229,0,
3230,1,
3231,0,
3232,0,
3233,1,
3234,-1,
3235,0,
3236,2,
3237,0,
3238,0,
3239,1,
3240,0,
3241,1,
3242,0,
3243,0,
3244,0,
3245,1,
3246,0,
3247,0,
3248,0,
3249,1,
3250,0,
3251,1,
3252,0,
3253,0,
3254,0,
3255,1,
3256,1,
3257,1,
3258,1,
3259,1,
3260,0,
3261,1,
3262,0,
3263,1,
3264,1,
3265,1,
3266,1,
3267,1,
3268,1,
3269,0,
3270,1,
3271,1,
3272,1,
3273,0,
3274,1,
3275,1,
3276,1,
3277,1,
3278,0,
3279,0,
3280,1,
3281,1,
3282,1,
3283,1,
3284,0,
3285,0,
3286,1,
3287,0,
3288,1,
3289,0,
3290,0,
3291,1,
3292,1,
3293,2,
3294,1,
3295,1,
3296,1,
3297,1,
3298,0,
3299,0,
3300,1,
3301,0,
3302,0,
3303,1,
3304,1,
3305,1,
3306,1,
3307,1,
3308,0,
3309,0,
3310,1,
3311,0,
3312,0,
3313,0,
3314,0,
3315,0,
3316,0,
3317,1,
3318,0,
3319,2,
3320,0,
3321,1,
3322,0,
3323,1,
3324,1,
3325,0,
3326,1,
3327,1,
3328,1,
3329,1,
3330,0,
3331,0,
3332,1,
3333,0,
3334,0,
3335,1,
3336,0,
3337,1,
3338,1,
3339,1,
3340,1,
3341,1,
3342,1,
3343,0,
3344,0,
3345,-1,
3346,1,
3347,1,
3348,0,
3349,1,
3350,0,
3351,0,
3352,1,
3353,2,
3354,1,
3355,0,
3356,1,
3357,-1,
3358,1,
3359,1,
3360,1,
3361,1,
3362,1,
3363,1,
3364,-1,
3365,0,
3366,1,
3367,0,
3368,2,
3369,0,
3370,1,
3371,1,
3372,0,
3373,0,
3374,2,
3375,1,
3376,0,
3377,0,
3378,0,
3379,1,
3380,1,
3381,1,
3382,1,
3383,0,
3384,0,
3385,0,
3386,1,
3387,1,
3388,1,
3389,1,
3390,0,
3391,1,
3392,0,
3393,0,
3394,1,
3395,0,
3396,0,
3397,0,
3398,1,
3399,1,
3400,0,
3401,1,
3402,0,
3403,0,
3404,0,
3405,1,
3406,1,
3407,1,
3408,0,
3409,0,
3410,0,
3411,0,
3412,0,
3413,0,
3414,0,
3415,1,
3416,0,
3417,0,
3418,1,
3419,0,
3420,1,
3421,1,
3422,0,
3423,1,
3424,1,
3425,1,
3426,0,
3427,0,
3428,1,
3429,0,
3430,1,
3431,0,
3432,1,
3433,0,
3434,1,
3435,0,
3436,0,
3437,0,
3438,0,
3439,0,
3440,0,
3441,1,
3442,1,
3443,2,
3444,1,
3445,1,
3446,1,
3447,1,
3448,0,
3449,1,
3450,0,
3451,0,
3452,1,
3453,0,
3454,1,
3455,1,
3456,1,
3457,1,
3458,1,
3459,0,
3460,1,
3461,1,
3462,0,
3463,0,
3464,0,
3465,0,
3466,1,
3467,0,
3468,0,
3469,0,
3470,1,
3471,1,
3472,1,
3473,1,
3474,1,
3475,1,
3476,2,
3477,0,
3478,0,
3479,0,
3480,0,
3481,0,
3482,0,
3483,0,
3484,1,
3485,1,
3486,1,
3487,1,
3488,1,
3489,0,
3490,0,
3491,1,
3492,1,
3493,0,
3494,1,
3495,1,
3496,0,
3497,0,
3498,1,
3499,1,
3500,1,
3501,0,
3502,0,
3503,0,
3504,1,
3505,0,
3506,-1,
3507,0,
3508,0,
3509,0,
3510,0,
3511,0,
3512,0,
3513,2,
3514,1,
3515,1,
3516,2,
3517,0,
3518,1,
3519,1,
3520,0,
3521,1,
3522,1,
3523,1,
3524,1,
3525,0,
3526,-1,
3527,1,
3528,0,
3529,1,
3530,1,
3531,1,
3532,0,
3533,0,
3534,1,
3535,0,
3536,2,
3537,1,
3538,0,
3539,1,
3540,0,
3541,0,
3542,1,
3543,0,
3544,0,
3545,1,
3546,1,
3547,1,
3548,1,
3549,1,
3550,0,
3551,1,
3552,1,
3553,1,
3554,1,
3555,1,
3556,1,
3557,0,
3558,0,
3559,0,
3560,0,
3561,1,
3562,-1,
3563,0,
3564,0,
3565,0,
3566,0,
3567,0,
3568,0,
3569,1,
3570,1,
3571,1,
3572,0,
3573,1,
3574,0,
3575,1,
3576,1,
3577,0,
3578,2,
3579,0,
3580,0,
3581,-1,
3582,1,
3583,0,
3584,1,
3585,1,
3586,1,
3587,0,
3588,0,
3589,1,
3590,0,
3591,0,
3592,1,
3593,1,
3594,1,
3595,1,
3596,0,
3597,1,
3598,1,
3599,0,
3600,1,
3601,0,
3602,0,
3603,0,
3604,1,
3605,1,
3606,1,
3607,0,
3608,0,
3609,1,
3610,1,
3611,0,
3612,0,
3613,1,
3614,1,
3615,1,
3616,1,
3617,1,
3618,1,
3619,0,
3620,0,
3621,1,
3622,0,
3623,1,
3624,1,
3625,1,
3626,0,
3627,0,
3628,1,
3629,1,
3630,0,
3631,0,
3632,0,
3633,1,
3634,-1,
3635,1,
3636,0,
3637,0,
3638,1,
3639,1,
3640,0,
3641,1,
3642,0,
3643,2,
3644,0,
3645,1,
3646,1,
3647,1,
3648,0,
3649,1,
3650,0,
3651,0,
3652,0,
3653,1,
3654,1,
3655,1,
3656,0,
3657,0,
3658,1,
3659,0,
3660,1,
3661,1,
3662,1,
3663,1,
3664,0,
3665,1,
3666,0,
3667,1,
3668,1,
3669,1,
3670,1,
3671,0,
3672,0,
3673,0,
3674,0,
3675,0,
3676,0,
3677,0,
3678,0,
3679,0,
3680,0,
3681,0,
3682,1,
3683,1,
3684,-1,
3685,-1,
3686,0,
3687,1,
3688,0,
3689,1,
3690,0,
3691,0,
3692,0,
3693,0,
3694,1,
3695,1,
3696,0,
3697,0,
3698,1,
3699,0,
3700,0,
3701,-1,
3702,0,
3703,1,
3704,0,
3705,0,
3706,1,
3707,0,
3708,1,
3709,0,
3710,-1,
3711,1,
3712,1,
3713,0,
3714,1,
3715,1,
3716,0,
3717,0,
3718,1,
3719,1,
3720,0,
3721,0,
3722,0,
3723,0,
3724,0,
3725,0,
3726,0,
3727,0,
3728,1,
3729,0,
3730,0,
3731,-1,
3732,0,
3733,0,
3734,1,
3735,1,
3736,0,
3737,0,
3738,0,
3739,0,
3740,1,
3741,1,
3742,0,
3743,1,
3744,1,
3745,-1,
3746,0,
3747,0,
3748,0,
3749,0,
3750,0,
3751,1,
3752,0,
3753,1,
3754,1,
3755,0,
3756,0,
3757,0,
3758,1,
3759,1,
3760,1,
3761,-1,
3762,1,
3763,0,
3764,0,
3765,0,
3766,1,
3767,1,
3768,0,
3769,0,
3770,0,
3771,0,
3772,0,
3773,0,
3774,-1,
3775,2,
3776,-1,
3777,-1,
3778,0,
3779,0,
3780,0,
3781,0,
3782,0,
3783,-2,
3784,0,
3785,0,
3786,0,
3787,0,
3788,1,
3789,0,
3790,1,
3791,0,
3792,0,
3793,0,
3794,0,
3795,0,
3796,0,
3797,-1,
3798,0,
3799,0,
3800,0,
3801,0,
3802,0,
3803,0,
3804,0,
3805,-1,
3806,0,
3807,0,
3808,0,
3809,1,
3810,0,
3811,0,
3812,-1,
3813,0,
3814,0,
3815,0,
3816,0,
3817,0,
3818,0,
3819,-1,
3820,0,
3821,0,
3822,0,
3823,0,
3824,0,
3825,0,
3826,0,
3827,-1,
3828,0,
3829,-1,
3830,0,
3831,0,
3832,0,
3833,0,
3834,0,
3835,1,
3836,0,
3837,-1,
3838,0,
3839,0,
3840,-1,
3841,0,
3842,0,
3843,-1,
3844,-1,
3845,0,
3846,-1,
3847,0,
3848,-1,
3849,0,
3850,-1,
3851,1,
3852,-1,
3853,1,
3854,0,
3855,0,
3856,0,
3857,0,
3858,-1,
3859,-1,
3860,0,
3861,0,
3862,0,
3863,0,
3864,1,
3865,1,
3866,0,
3867,0,
3868,0,
3869,0,
3870,0,
3871,0,
3872,0,
3873,0,
3874,1,
3875,0,
3876,0,
3877,-1,
3878,0,
3879,0,
3880,-1,
3881,0,
3882,0,
3883,0,
3884,0,
3885,0,
3886,0,
3887,0,
3888,0,
3889,1,
3890,0,
3891,0,
3892,0,
3893,0,
3894,0,
3895,-1,
3896,0,
3897,0,
3898,0,
3899,-1,
3900,-1,
3901,0,
3902,-1,
3903,-1,
3904,0,
3905,0,
3906,0,
3907,0,
3908,0,
3909,0,
3910,0,
3911,0,
3912,0,
3913,-1,
3914,-1,
3915,0,
3916,0,
3917,-1,
3918,0,
3919,-1,
3920,-1,
3921,-1,
3922,0,
3923,-1,
3924,-1,
3925,0,
3926,0,
3927,0,
3928,-1,
3929,0,
3930,0,
3931,0,
3932,0,
3933,0,
3934,0,
3935,0,
3936,-1,
3937,0,
3938,0,
3939,0,
3940,-1,
3941,-1,
3942,0,
3943,1,
3944,-1,
3945,-1,
3946,0,
3947,0,
3948,-1,
3949,0,
3950,0,
3951,-1,
3952,-1,
3953,1,
3954,1,
3955,0,
3956,0,
3957,0,
3958,0,
3959,1,
3960,-1,
3961,0,
3962,0,
3963,1,
3964,1,
3965,0,
3966,0,
3967,0,
3968,0,
3969,0,
3970,0,
3971,0,
3972,0,
3973,0,
3974,-1,
3975,0,
3976,-1,
3977,0,
3978,-1,
3979,0,
3980,0,
3981,0,
3982,0,
3983,1,
3984,0,
3985,0,
3986,0,
3987,-1,
3988,-1,
3989,0,
3990,0,
3991,-1,
3992,-1,
3993,-1,
3994,0,
3995,0,
3996,0,
3997,0,
3998,0,
3999,0,
4000,0,
4001,0,
4002,0,
4003,0,
4004,0,
4005,0,
4006,1,
4007,0,
4008,-1,
4009,0,
4010,0,
4011,-1,
4012,0,
4013,0,
4014,-1,
4015,0,
4016,-1,
4017,0,
4018,0,
4019,-1,
4020,0,
4021,0,
4022,-1,
4023,1,
4024,0,
4025,0,
4026,0,
4027,0,
4028,0,
4029,-1,
4030,0,
4031,1,
4032,0,
4033,-1,
4034,0,
4035,0,
4036,0,
4037,-1,
4038,0,
4039,0,
4040,0,
4041,-1,
4042,-1,
4043,-1,
4044,0,
4045,-1,
4046,-1,
4047,0,
4048,0,
4049,0,
4050,0,
4051,1,
4052,-1,
4053,-2,
4054,0,
4055,0,
4056,-1,
4057,-1,
4058,-1,
4059,0,
4060,1,
4061,0,
4062,0,
4063,0,
4064,-1,
4065,-1,
4066,0,
4067,0,
4068,0,
4069,0,
4070,0,
4071,0,
4072,0,
4073,0,
4074,0,
4075,0,
4076,-1,
4077,-1,
4078,0,
4079,0,
4080,0,
4081,0,
4082,-1,
4083,0,
4084,0,
4085,-1,
4086,-1,
4087,0,
4088,-1,
4089,-1,
4090,0,
4091,0,
4092,-1,
4093,1,
4094,0,
4095,-1,
4096,0,
4097,0,
4098,0,
4099,0,
4100,0,
4101,1,
4102,-1,
4103,-1,
4104,0,
4105,0,
4106,0,
4107,0,
4108,0,
4109,-1,
4110,-1,
4111,0,
4112,0,
4113,-1,
4114,0,
4115,-1,
4116,-1,
4117,0,
4118,0,
4119,-1,
4120,0,
4121,-1,
4122,-1,
4123,-1,
4124,-1,
4125,-1,
4126,-1,
4127,0,
4128,0,
4129,0,
4130,-1,
4131,0,
4132,0,
4133,-1,
4134,-1,
4135,-1,
4136,0,
4137,0,
4138,0,
4139,-1,
4140,-1,
4141,-1,
4142,-1,
4143,0,
4144,-1,
4145,-1,
4146,-1,
4147,-1,
4148,0,
4149,0,
4150,-1,
4151,-1,
4152,-1,
4153,0,
4154,-1,
4155,-1,
4156,-1,
4157,0,
4158,0,
4159,0,
4160,-1,
4161,0,
4162,0,
4163,0,
4164,0,
4165,-1,
4166,-1,
4167,-1,
4168,-1,
4169,-1,
4170,0,
4171,-1,
4172,0,
4173,0,
4174,0,
4175,-1,
4176,0,
4177,0,
4178,0,
4179,0,
4180,-1,
4181,0,
4182,0,
4183,-1,
4184,0,
4185,-1,
4186,0,
4187,0,
4188,-1,
4189,0,
4190,0,
4191,0,
4192,1,
4193,0,
4194,-1,
4195,0,
4196,-1,
4197,-1,
4198,0,
4199,0,
4200,0,
4201,0,
4202,1,
4203,0,
4204,0,
4205,0,
4206,-1,
4207,-2,
4208,0,
4209,0,
4210,-1,
4211,0,
4212,0,
4213,0,
4214,0,
4215,0,
4216,0,
4217,0,
4218,0,
4219,0,
4220,0,
4221,0,
4222,0,
4223,0,
4224,0,
4225,1,
4226,-1,
4227,-1,
4228,0,
4229,0,
4230,0,
4231,0,
4232,0,
4233,-1,
4234,0,
4235,-1,
4236,1,
4237,-1,
4238,0,
4239,0,
4240,0,
4241,0,
4242,0,
4243,0,
4244,0,
4245,0,
4246,0,
4247,0,
4248,0,
4249,0,
4250,0,
4251,0,
4252,-1,
4253,0,
4254,0,
4255,0,
4256,-1,
4257,0,
4258,0,
4259,1,
4260,0,
4261,0,
4262,1,
4263,-1,
4264,0,
4265,0,
4266,0,
4267,0,
4268,0,
4269,0,
4270,0,
4271,0,
4272,0,
4273,1,
4274,-1,
4275,0,
4276,0,
4277,1,
4278,0,
4279,-1,
4280,-1,
4281,-1,
4282,0,
4283,-1,
4284,0,
4285,-1,
4286,0,
4287,0,
4288,1,
4289,0,
4290,0,
4291,0,
4292,0,
4293,-1,
4294,-1,
4295,0,
4296,0,
4297,0,
4298,0,
4299,0,
4300,-1,
4301,0,
4302,0,
4303,0,
4304,0,
4305,-1,
4306,-1,
4307,0,
4308,-1,
4309,-1,
4310,1,
4311,0,
4312,-1,
4313,1,
4314,0,
4315,0,
4316,-1,
4317,0,
4318,0,
4319,-1,
4320,0,
4321,-1,
4322,1,
4323,1,
4324,0,
4325,0,
4326,0,
4327,-1,
4328,0,
4329,0,
4330,0,
4331,-1,
4332,0,
4333,1,
4334,0,
4335,0,
4336,0,
4337,-1,
4338,0,
4339,0,
4340,0,
4341,1,
4342,0,
4343,0,
4344,0,
4345,-1,
4346,-1,
4347,-1,
4348,0,
4349,0,
4350,0,
4351,0,
4352,-1,
4353,0,
4354,0,
4355,-1,
4356,0,
4357,0,
4358,0,
4359,0,
4360,0,
4361,0,
4362,0,
4363,1,
4364,0,
4365,0,
4366,0,
4367,-1,
4368,-1,
4369,0,
4370,0,
4371,0,
4372,-1,
4373,0,
4374,0,
4375,1,
4376,-1,
4377,0,
4378,0,
4379,0,
4380,0,
4381,1,
4382,0,
4383,1,
4384,-1,
4385,-1,
4386,0,
4387,0,
4388,0,
4389,-1,
4390,0,
4391,-1,
4392,1,
4393,0,
4394,0,
4395,0,
4396,1,
4397,0,
4398,0,
4399,0,
4400,0,
4401,0,
4402,1,
4403,1,
4404,0,
4405,-1,
4406,0,
4407,0,
4408,0,
4409,0,
4410,-1,
4411,0,
4412,0,
4413,0,
4414,1,
4415,-1,
4416,-1,
4417,0,
4418,0,
4419,0,
4420,1,
4421,0,
4422,1,
4423,0,
4424,1,
4425,0,
4426,0,
4427,1,
4428,0,
4429,1,
4430,0,
4431,0,
4432,0,
4433,0,
4434,0,
4435,0,
4436,1,
4437,0,
4438,0,
4439,-1,
4440,-1,
4441,-1,
4442,0,
4443,0,
4444,0,
4445,0,
4446,0,
4447,0,
4448,0,
4449,0,
4450,0,
4451,1,
4452,-1,
4453,1,
4454,1,
4455,0,
4456,0,
4457,0,
4458,0,
4459,0,
4460,-1,
4461,0,
4462,-1,
4463,0,
4464,1,
4465,0,
4466,1,
4467,0,
4468,0,
4469,1,
4470,1,
4471,1,
4472,1,
4473,0,
4474,0,
4475,0,
4476,0,
4477,1,
4478,1,
4479,0,
4480,0,
4481,0,
4482,1,
4483,1,
4484,1,
4485,0,
4486,0,
4487,-1,
4488,0,
4489,0,
4490,0,
4491,0,
4492,1,
4493,0,
4494,0,
4495,0,
4496,0,
4497,0,
4498,0,
4499,0,
4500,0,
4501,1,
4502,0,
4503,0,
4504,0,
4505,0,
4506,0,
4507,0,
4508,0,
4509,-1,
4510,0,
4511,1,
4512,0,
4513,1,
4514,0,
4515,0,
4516,0,
4517,-1,
4518,-1,
4519,-1,
4520,-1,
4521,0,
4522,0,
4523,-1,
4524,0,
4525,-1,
4526,0,
4527,1,
4528,1,
4529,0,
4530,0,
4531,-1,
4532,0,
4533,-1,
4534,1,
4535,0,
4536,1,
4537,0,
4538,0,
4539,-1,
4540,1,
4541,0,
4542,0,
4543,1,
4544,0,
4545,-1,
4546,-1,
4547,0,
4548,0,
4549,0,
4550,-1,
4551,-1,
4552,0,
4553,0,
4554,-1,
4555,0,
4556,0,
4557,0,
4558,-1,
4559,0,
4560,0,
4561,0,
4562,0,
4563,0,
4564,0,
4565,-1,
4566,1,
4567,1,
4568,0,
4569,0,
4570,0,
4571,0,
4572,0,
4573,0,
4574,0,
4575,0,
4576,-1,
4577,-1,
4578,0,
4579,0,
4580,0,
4581,0,
4582,0,
4583,0,
4584,1,
4585,0,
4586,0,
4587,0,
4588,0,
4589,0,
4590,0,
4591,0,
4592,-1,
4593,-1,
4594,0,
4595,1,
4596,-1,
4597,0,
4598,-1,
4599,-1,
4600,0,
4601,0,
4602,1,
4603,0,
4604,1,
4605,0,
4606,1,
4607,0,
4608,0,
4609,1,
4610,0,
4611,1,
4612,-1,
4613,0,
4614,0,
4615,0,
4616,0,
4617,-1,
4618,0,
4619,-1,
4620,-1,
4621,0,
4622,-1,
4623,-1,
4624,0,
4625,0,
4626,-1,
4627,0,
4628,0,
4629,0,
4630,-1,
4631,0,
4632,0,
4633,0,
4634,0,
4635,0,
4636,0,
4637,0,
4638,-1,
4639,0,
4640,0,
4641,0,
4642,1,
4643,0,
4644,0,
4645,0,
4646,0,
4647,1,
4648,0,
4649,0,
4650,0,
4651,0,
4652,0,
4653,1,
4654,-1,
4655,0,
4656,1,
4657,0,
4658,0,
4659,0,
4660,0,
4661,0,
4662,0,
4663,0,
4664,-1,
4665,0,
4666,0,
4667,1,
4668,0,
4669,0,
4670,0,
4671,0,
4672,0,
4673,0,
4674,1,
4675,0,
4676,0,
4677,0,
4678,0,
4679,0,
4680,0,
4681,0,
4682,1,
4683,-1,
4684,0,
4685,0,
4686,0,
4687,0,
4688,0,
4689,0,
4690,0,
4691,-1,
4692,0,
4693,-1,
4694,1,
4695,1,
4696,0,
4697,0,
4698,0,
4699,1,
4700,1,
4701,1,
4702,-1,
4703,1,
4704,1,
4705,1,
4706,1,
4707,0,
4708,1,
4709,-1,
4710,0,
4711,0,
4712,0,
4713,0,
4714,0,
4715,0,
4716,1,
4717,-1,
4718,-1,
4719,0,
4720,-1,
4721,0,
4722,0,
4723,0,
4724,0,
4725,0,
4726,0,
4727,1,
4728,1,
4729,0,
4730,1,
4731,-1,
4732,0,
4733,0,
4734,0,
4735,-1,
4736,-1,
4737,-1,
4738,0,
4739,-1,
4740,-1,
4741,0,
4742,0,
4743,0,
4744,0,
4745,0,
4746,0,
4747,0,
4748,0,
4749,0,
4750,0,
4751,-1,
4752,-1,
4753,0,
4754,0,
4755,1,
4756,0,
4757,0,
4758,-1,
4759,0,
4760,0,
4761,0,
4762,-1,
4763,0,
4764,0,
4765,0,
4766,-1,
4767,0,
4768,0,
4769,0,
4770,1,
4771,0,
4772,0,
4773,-1,
4774,0,
4775,0,
4776,0,
4777,0,
4778,-1,
4779,0,
4780,0,
4781,0,
4782,0,
4783,-1,
4784,0,
4785,1,
4786,0,
4787,0,
4788,0,
4789,0,
4790,0,
4791,-1,
4792,-1,
4793,0,
4794,0,
4795,0,
4796,0,
4797,0,
4798,1,
4799,0,
4800,0,
4801,0,
4802,-1,
4803,0,
4804,0,
4805,-1,
4806,0,
4807,0,
4808,-1,
4809,-1,
4810,-1,
4811,0,
4812,1,
4813,0,
4814,0,
4815,0,
4816,-1,
4817,0,
4818,1,
4819,0,
4820,0,
4821,0,
4822,0,
4823,0,
4824,-1,
4825,1,
4826,-1,
4827,0,
4828,1,
4829,-1,
4830,0,
4831,0,
4832,0,
4833,0,
4834,0,
4835,0,
4836,1,
4837,0,
4838,0,
4839,0,
4840,-1,
4841,0,
4842,0,
4843,0,
4844,-1,
4845,1,
4846,0,
4847,1,
4848,0,
4849,0,
4850,0,
4851,0,
4852,1,
4853,0,
4854,-1,
4855,0,
4856,0,
4857,0,
4858,0,
4859,0,
4860,0,
4861,0,
4862,0,
4863,0,
4864,-1,
4865,0,
4866,0,
4867,0,
4868,0,
4869,0,
4870,0,
4871,0,
4872,0,
4873,1,
4874,0,
4875,0,
4876,-1,
4877,0,
4878,0,
4879,0,
4880,0,
4881,0,
4882,0,
4883,0,
4884,0,
4885,0,
4886,0,
4887,0,
4888,-1,
4889,0,
4890,0,
4891,-1,
4892,0,
4893,0,
4894,-1,
4895,0,
4896,0,
4897,1,
4898,0,
4899,0,
4900,0,
4901,0,
4902,0,
4903,0,
4904,0,
4905,0,
4906,0,
4907,0,
4908,1,
4909,0,
4910,0,
4911,0,
4912,0,
4913,0,
4914,-1,
4915,0,
4916,1,
4917,0,
4918,0,
4919,0,
4920,0,
4921,0,
4922,1,
4923,1,
4924,1,
4925,0,
4926,0,
4927,0,
4928,-1,
4929,-1,
4930,0,
4931,-1,
4932,0,
4933,0,
4934,0,
4935,0,
4936,0,
4937,-1,
4938,0,
4939,1,
4940,1,
4941,0,
4942,0,
4943,0,
4944,-1,
4945,-1,
4946,0,
4947,0,
4948,1,
4949,0,
4950,0,
4951,0,
4952,0,
4953,1,
4954,0,
4955,0,
4956,0,
4957,0,
4958,0,
4959,0,
4960,0,
4961,0,
4962,1,
4963,-1,
4964,0,
4965,0,
4966,0,
4967,0,
4968,0,
4969,0,
4970,0,
4971,0,
4972,0,
4973,0,
4974,1,
4975,-1,
4976,0,
4977,0,
4978,0,
4979,0,
4980,0,
4981,1,
4982,0,
4983,0,
4984,0,
4985,0,
4986,0,
4987,0,
4988,1,
4989,0,
4990,2,
4991,1,
4992,0,
4993,0,
4994,0,
4995,0,
4996,0,
4997,0,
4998,0,
4999,0,
5000,-1,
5001,0,
5002,-1,
5003,-1,
5004,0,
5005,0,
5006,0,
5007,0,
5008,1,
5009,0,
5010,0,
5011,0,
5012,0,
5013,0,
5014,-1,
5015,0,
5016,1,
5017,-1,
5018,-1,
5019,0,
5020,0,
5021,0,
5022,0,
5023,0,
5024,-1,
5025,0,
5026,0,
5027,1,
5028,0,
5029,0,
5030,0,
5031,0,
5032,0,
5033,0,
5034,0,
5035,-1,
5036,0,
5037,0,
5038,0,
5039,0,
5040,0,
5041,0,
5042,-1,
5043,1,
5044,1,
5045,0,
5046,0,
5047,1,
5048,1,
5049,0,
5050,1,
5051,0,
5052,0,
5053,0,
5054,-1,
5055,0,
5056,0,
5057,0,
5058,0,
5059,1,
5060,1,
5061,0,
5062,1,
5063,1,
5064,-1,
5065,0,
5066,1,
5067,1,
5068,0,
5069,0,
5070,0,
5071,1,
5072,0,
5073,-1,
5074,0,
5075,0,
5076,1,
5077,0,
5078,0,
5079,0,
5080,0,
5081,0,
5082,0,
5083,0,
5084,0,
5085,-1,
5086,0,
5087,0,
5088,1,
5089,0,
5090,1,
5091,0,
5092,1,
5093,0,
5094,0,
5095,0,
5096,0,
5097,0,
5098,1,
5099,1,
5100,0,
5101,1,
5102,0,
5103,1,
5104,-1,
5105,1,
5106,0,
5107,0,
5108,0,
5109,1,
5110,0,
5111,-1,
5112,0,
5113,0,
5114,0,
5115,0,
5116,0,
5117,1,
5118,1,
5119,0,
5120,0,
5121,1,
5122,1,
5123,0,
5124,0,
5125,0,
5126,0,
5127,0,
5128,0,
5129,0,
5130,0,
5131,1,
5132,0,
5133,0,
5134,1,
5135,1,
5136,1,
5137,0,
5138,1,
5139,0,
5140,0,
5141,0,
5142,0,
5143,1,
5144,0,
5145,0,
5146,-1,
5147,0,
5148,0,
5149,0,
5150,1,
5151,0,
5152,0,
5153,-1,
5154,0,
5155,1,
5156,0,
5157,1,
5158,0,
5159,1,
5160,0,
5161,1,
5162,0,
5163,1,
5164,0,
5165,0,
5166,0,
5167,0,
5168,0,
5169,1,
5170,1,
5171,1,
5172,0,
5173,1,
5174,0,
5175,1,
5176,0,
5177,1,
5178,1,
5179,0,
5180,1,
5181,-1,
5182,1,
5183,0,
5184,0,
5185,0,
5186,0,
5187,0,
5188,0,
5189,-1,
5190,1,
5191,0,
5192,0,
5193,1,
5194,1,
5195,0,
5196,-1,
5197,1,
5198,-1,
5199,0,
5200,1,
5201,0,
5202,-1,
5203,1,
5204,0,
5205,1,
5206,0,
5207,0,
5208,0,
5209,1,
5210,0,
5211,-1,
5212,1,
5213,0,
5214,0,
5215,0,
5216,0,
5217,-1,
5218,0,
5219,-1,
5220,-1,
5221,0,
5222,0,
5223,0,
5224,0,
5225,0,
5226,1,
5227,1,
5228,0,
5229,0,
5230,0,
5231,0,
5232,0,
5233,1,
5234,0,
5235,0,
5236,0,
5237,0,
5238,0,
5239,0,
5240,0,
5241,1,
5242,0,
5243,0,
5244,0,
5245,0,
5246,0,
5247,1,
5248,0,
5249,0,
5250,0,
5251,1,
5252,0,
5253,1,
5254,1,
5255,1,
5256,1,
5257,0,
5258,0,
5259,0,
5260,0,
5261,0,
5262,1,
5263,0,
5264,0,
5265,0,
5266,0,
5267,1,
5268,1,
5269,0,
5270,0,
5271,1,
5272,1,
5273,1,
5274,0,
5275,1,
5276,0,
5277,0,
5278,-1,
5279,0,
5280,0,
5281,1,
5282,0,
5283,0,
5284,0,
5285,0,
5286,1,
5287,0,
5288,1,
5289,0,
5290,0,
5291,0,
5292,0,
5293,0,
5294,1,
5295,1,
5296,0,
5297,0,
5298,0,
5299,0,
5300,-1,
5301,0,
5302,0,
5303,1,
5304,0,
5305,0,
5306,0,
5307,0,
5308,1,
5309,1,
5310,0,
5311,0,
5312,0,
5313,1,
5314,1,
5315,1,
5316,0,
5317,0,
5318,1,
5319,1,
5320,1,
5321,0,
5322,1,
5323,1,
5324,1,
5325,0,
5326,0,
5327,-1,
5328,1,
5329,0,
5330,0,
5331,0,
5332,0,
5333,0,
5334,0,
5335,-1,
5336,-1,
5337,0,
5338,0,
5339,0,
5340,0,
5341,0,
5342,1,
5343,1,
5344,0,
5345,1,
5346,0,
5347,1,
5348,1,
5349,1,
5350,0,
5351,1,
5352,0,
5353,0,
5354,1,
5355,0,
5356,0,
5357,0,
5358,1,
5359,1,
5360,1,
5361,1,
5362,1,
5363,-1,
5364,1,
5365,1,
5366,1,
5367,0,
5368,0,
5369,0,
5370,0,
5371,0,
5372,0,
5373,1,
5374,0,
5375,-1,
5376,1,
5377,1,
5378,0,
5379,0,
5380,1,
5381,0,
5382,0,
5383,1,
5384,1,
5385,1,
5386,0,
5387,0,
5388,0,
5389,1,
5390,0,
5391,0,
5392,0,
5393,0,
5394,1,
5395,1,
5396,0,
5397,0,
5398,0,
5399,0,
5400,0,
5401,1,
5402,0,
5403,1,
5404,1,
5405,0,
5406,0,
5407,0,
5408,0,
5409,0,
5410,0,
5411,-1,
5412,0,
5413,0,
5414,0,
5415,1,
5416,1,
5417,1,
5418,1,
5419,1,
5420,1,
5421,0,
5422,0,
5423,1,
5424,0,
5425,1,
5426,-1,
5427,1,
5428,0,
5429,1,
5430,0,
5431,1,
5432,0,
5433,0,
5434,0,
5435,-1,
5436,0,
5437,-1,
5438,1,
5439,1,
5440,0,
5441,0,
5442,0,
5443,0,
5444,0,
5445,0,
5446,0,
5447,1,
5448,0,
5449,1,
5450,1,
5451,0,
5452,-1,
5453,-1,
5454,0,
5455,0,
5456,1,
5457,0,
5458,0,
5459,0,
5460,1,
5461,1,
5462,1,
5463,0,
5464,0,
5465,-1,
5466,0,
5467,0,
5468,1,
5469,2,
5470,0,
5471,0,
5472,0,
5473,0,
5474,1,
5475,0,
5476,1,
5477,1,
5478,0,
5479,1,
5480,0,
5481,0,
5482,0,
5483,0,
5484,1,
5485,1,
5486,0,
5487,0,
5488,0,
5489,0,
5490,1,
5491,1,
5492,1,
5493,0,
5494,0,
5495,0,
5496,0,
5497,0,
5498,0,
5499,0,
5500,0,
5501,1,
5502,0,
5503,0,
5504,0,
5505,0,
5506,0,
5507,1,
5508,0,
5509,0,
5510,0,
5511,-1,
5512,0,
5513,0,
5514,-1,
5515,0,
5516,1,
5517,1,
5518,0,
5519,0,
5520,0,
5521,1,
5522,1,
5523,0,
5524,0,
5525,0,
5526,0,
5527,0,
5528,1,
5529,0,
5530,0,
5531,0,
5532,1,
5533,-1,
5534,-1,
5535,1,
5536,0,
5537,0,
5538,1,
5539,0,
5540,1,
5541,1,
5542,1,
5543,1,
5544,0,
5545,0,
5546,1,
5547,1,
5548,1,
5549,0,
5550,0,
5551,0,
5552,0,
5553,-1,
5554,0,
5555,0,
5556,0,
5557,0,
5558,0,
5559,0,
5560,0,
5561,0,
5562,0,
5563,0,
5564,0,
5565,0,
5566,0,
5567,0,
5568,0,
5569,0,
5570,1,
5571,-1,
5572,0,
5573,0,
5574,0,
5575,0,
5576,-1,
5577,0,
5578,1,
5579,1,
5580,0,
5581,0,
5582,-1,
5583,0,
5584,0,
5585,0,
5586,0,
5587,1,
5588,0,
5589,0,
5590,-1,
5591,0,
5592,0,
5593,0,
5594,1,
5595,1,
5596,0,
5597,-1,
5598,1,
5599,1,
5600,0,
5601,0,
5602,0,
5603,0,
5604,0,
5605,0,
5606,0,
5607,0,
5608,0,
5609,0,
5610,0,
5611,0,
5612,-1,
5613,0,
5614,-1,
5615,0,
5616,0,
5617,0,
5618,0,
5619,0,
5620,0,
5621,0,
5622,1,
5623,-1,
5624,0,
5625,0,
5626,0,
5627,1,
5628,0,
5629,0,
5630,-1,
5631,0,
5632,0,
5633,0,
5634,0,
5635,0,
5636,1,
5637,1,
5638,0,
5639,0,
5640,1,
5641,0,
5642,0,
5643,0,
5644,0,
5645,-1,
5646,1,
5647,1,
5648,0,
5649,-1,
5650,-1,
5651,0,
5652,0,
5653,0,
5654,-1,
5655,0,
5656,0,
5657,0,
5658,1,
5659,0,
5660,0,
5661,0,
5662,-1,
5663,0,
5664,0,
5665,1,
5666,0,
5667,1,
5668,2,
5669,1,
5670,1,
5671,0,
5672,0,
5673,0,
5674,0,
5675,0,
5676,0,
5677,0,
5678,-1,
5679,0,
5680,0,
5681,0,
5682,0,
5683,1,
5684,0,
5685,0,
5686,1,
5687,0,
5688,1,
5689,1,
5690,0,
5691,0,
5692,-1,
5693,1,
5694,0,
5695,0,
5696,1,
5697,1,
5698,0,
5699,1,
5700,1,
5701,1,
5702,1,
5703,0,
5704,1,
5705,0,
5706,0,
5707,0,
5708,1,
5709,0,
5710,-1,
5711,0,
5712,0,
5713,0,
5714,1,
5715,0,
5716,0,
5717,0,
5718,0,
5719,0,
5720,1,
5721,0,
5722,1,
5723,0,
5724,0,
5725,0,
5726,0,
5727,0,
5728,1,
5729,0,
5730,-1,
5731,0,
5732,0,
5733,1,
5734,0,
5735,1,
5736,0,
5737,1,
5738,0,
5739,0,
5740,0,
5741,0,
5742,0,
5743,0,
5744,0,
5745,1,
5746,0,
5747,0,
5748,0,
5749,0,
5750,0,
5751,0,
5752,0,
5753,-1,
5754,0,
5755,1,
5756,0,
5757,0,
5758,1,
5759,0,
5760,0,
5761,0,
5762,0,
5763,0,
5764,0,
5765,0,
5766,0,
5767,0,
5768,1,
5769,0,
5770,0,
5771,0,
5772,0,
5773,0,
5774,0,
5775,1,
5776,1,
5777,1,
5778,0,
5779,0,
5780,0,
5781,0,
5782,0,
5783,0,
5784,1,
5785,1,
5786,0,
5787,0,
5788,0,
5789,0,
5790,1,
5791,-1,
5792,0,
5793,0,
5794,0,
5795,1,
5796,0,
5797,0,
5798,0,
5799,0,
5800,0,
5801,0,
5802,0,
5803,0,
5804,1,
5805,0,
5806,0,
5807,0,
5808,0,
5809,0,
5810,0,
5811,0,
5812,0,
5813,1,
5814,0,
5815,1,
5816,1,
5817,0,
5818,0,
5819,1,
5820,0,
5821,0,
5822,-1,
5823,1,
5824,1,
5825,0,
5826,-1,
5827,0,
5828,0,
5829,0,
5830,0,
5831,0,
5832,0,
5833,0,
5834,0,
5835,1,
5836,1,
5837,0,
5838,0,
5839,1,
5840,0,
5841,-1,
5842,0,
5843,0,
5844,0,
5845,0,
5846,0,
5847,0,
5848,1,
5849,0,
5850,-1,
5851,0,
5852,0,
5853,-1,
5854,0,
5855,0,
5856,0,
5857,0,
5858,1,
5859,0,
5860,0,
5861,0,
5862,0,
5863,1,
5864,0,
5865,0,
5866,0,
5867,1,
5868,0,
5869,1,
5870,0,
5871,0,
5872,0,
5873,0,
5874,-1,
5875,0,
5876,1,
5877,0,
5878,0,
5879,0,
5880,0,
5881,-1,
5882,0,
5883,0,
5884,0,
5885,1,
5886,0,
5887,0,
5888,1,
5889,0,
5890,0,
5891,1,
5892,0,
5893,1,
5894,1,
5895,0,
5896,0,
5897,0,
5898,0,
5899,1,
5900,0,
5901,0,
5902,1,
5903,0,
5904,1,
5905,0,
5906,-1,
5907,1,
5908,0,
5909,0,
5910,0,
5911,1,
5912,0,
5913,1,
5914,0,
5915,0,
5916,0,
5917,0,
5918,0,
5919,1,
5920,1,
5921,1,
5922,-1,
5923,0,
5924,0,
5925,0,
5926,0,
5927,0,
5928,1,
5929,0,
5930,-1,
5931,0,
5932,1,
5933,0,
5934,0,
5935,1,
5936,0,
5937,0,
5938,0,
5939,0,
5940,2,
5941,0,
5942,0,
5943,0,
5944,1,
5945,0,
5946,0,
5947,0,
5948,0,
5949,1,
5950,0,
5951,0,
5952,1,
5953,1,
5954,0,
5955,0,
5956,0,
5957,0,
5958,1,
5959,0,
5960,0,
5961,0,
5962,1,
5963,0,
5964,0,
5965,0,
5966,0,
5967,1,
5968,1,
5969,1,
5970,0,
5971,0,
5972,0,
5973,1,
5974,1,
5975,0,
5976,1,
5977,1,
5978,0,
5979,0,
5980,1,
5981,0,
5982,-1,
5983,1,
5984,0,
5985,0,
5986,0,
5987,0,
5988,0,
5989,0,
5990,0,
5991,0,
5992,0,
5993,1,
5994,0,
5995,0,
5996,-1,
5997,0,
5998,0,
5999,0,
6000,-1,
6001,0,
6002,0,
6003,1,
6004,1,
6005,1,
6006,1,
6007,0,
6008,0,
6009,0,
6010,0,
6011,-1,
6012,0,
6013,1,
6014,0,
6015,0,
6016,0,
6017,0,
6018,0,
6019,1,
6020,1,
6021,0,
6022,0,
6023,0,
6024,0,
6025,0,
6026,1,
6027,0,
6028,1,
6029,0,
6030,0,
6031,1,
6032,0,
6033,0,
6034,0,
6035,1,
6036,0,
6037,1,
6038,-1,
6039,1,
6040,1,
6041,1,
6042,2,
6043,0,
6044,0,
6045,0,
6046,1,
6047,1,
6048,0,
6049,0,
6050,0,
6051,1,
6052,0,
6053,1,
6054,0,
6055,0,
6056,1,
6057,0,
6058,1,
6059,0,
6060,0,
6061,0,
6062,0,
6063,0,
6064,-1,
6065,-1,
6066,0,
6067,0,
6068,-1,
6069,1,
6070,-1,
6071,0,
6072,0,
6073,0,
6074,1,
6075,0,
6076,0,
6077,-1,
6078,1,
6079,0,
6080,0,
6081,1,
6082,1,
6083,1,
6084,0,
6085,1,
6086,0,
6087,0,
6088,0,
6089,1,
6090,0,
6091,0,
6092,1,
6093,0,
6094,0,
6095,1,
6096,0,
6097,0,
6098,1,
6099,0,
6100,0,
6101,0,
6102,1,
6103,0,
6104,0,
6105,0,
6106,0,
6107,1,
6108,0,
6109,0,
6110,0,
6111,0,
6112,1,
6113,-1,
6114,1,
6115,-1,
6116,0,
6117,0,
6118,0,
6119,1,
6120,0,
6121,1,
6122,1,
6123,1,
6124,0,
6125,1,
6126,0,
6127,0,
6128,0,
6129,0,
6130,1,
6131,1,
6132,0,
6133,0,
6134,2,
6135,0,
6136,0,
6137,0,
6138,0,
6139,1,
6140,0,
6141,0,
6142,0,
6143,0,
6144,1,
6145,0,
6146,0,
6147,0,
6148,0,
6149,0,
6150,0,
6151,0,
6152,0,
6153,0,
6154,0,
6155,-1,
6156,-1,
6157,0,
6158,-1,
6159,1,
6160,1,
6161,0,
6162,0,
6163,1,
6164,0,
6165,1,
6166,0,
6167,-1,
6168,0,
6169,0,
6170,1,
6171,1,
6172,0,
6173,0,
6174,0,
6175,1,
6176,0,
6177,1,
6178,0,
6179,0,
6180,0,
6181,0,
6182,-1,
6183,0,
6184,1,
6185,2,
6186,1,
6187,1,
6188,2,
6189,0,
6190,-1,
6191,0,
6192,0,
6193,0,
6194,0,
6195,0,
6196,-1,
6197,1,
6198,0,
6199,0,
6200,0,
6201,1,
6202,0,
6203,0,
6204,0,
6205,1,
6206,0,
6207,0,
6208,0,
6209,0,
6210,0,
6211,1,
6212,1,
6213,0,
6214,0,
6215,1,
6216,0,
6217,1,
6218,-1,
6219,0,
6220,0,
6221,0,
6222,0,
6223,0,
6224,0,
6225,0,
6226,1,
6227,1,
6228,1,
6229,0,
6230,1,
6231,0,
6232,0,
6233,1,
6234,1,
6235,0,
6236,1,
6237,0,
6238,-1,
6239,1,
6240,0,
6241,0,
6242,1,
6243,0,
6244,0,
6245,-1,
6246,0,
6247,0,
6248,0,
6249,1,
6250,0,
6251,1,
6252,1,
6253,1,
6254,1,
6255,-1,
6256,0,
6257,0,
6258,0,
6259,0,
6260,0,
6261,0,
6262,0,
6263,0,
6264,1,
6265,0,
6266,1,
6267,0,
6268,0,
6269,0,
6270,1,
6271,1,
6272,0,
6273,0,
6274,0,
6275,1,
6276,1,
6277,0,
6278,0,
6279,0,
6280,1,
6281,0,
6282,-1,
6283,0,
6284,0,
6285,1,
6286,0,
6287,0,
6288,0,
6289,0,
6290,1,
6291,0,
6292,-1,
6293,1,
6294,0,
6295,0,
6296,0,
6297,0,
6298,0,
6299,0,
6300,0,
6301,0,
6302,-1,
6303,0,
6304,-1,
6305,0,
6306,0,
6307,1,
6308,0,
6309,-1,
6310,1,
6311,-1,
6312,0,
6313,0,
6314,-1,
6315,0,
6316,0,
6317,-1,
6318,1,
6319,-1,
6320,0,
6321,0,
6322,1,
6323,0,
6324,0,
6325,0,
6326,0,
6327,0,
6328,0,
6329,-1,
6330,-1,
6331,0,
6332,0,
6333,1,
6334,0,
6335,0,
6336,0,
6337,0,
6338,0,
6339,0,
6340,0,
6341,0,
6342,0,
6343,0,
6344,0,
6345,0,
6346,0,
6347,-1,
6348,0,
6349,0,
6350,0,
6351,0,
6352,0,
6353,0,
6354,0,
6355,0,
6356,1,
6357,1,
6358,1,
6359,0,
6360,0,
6361,0,
6362,1,
6363,-1,
6364,0,
6365,0,
6366,1,
6367,-1,
6368,1,
6369,1,
6370,1,
6371,1,
6372,0,
6373,0,
6374,0,
6375,0,
6376,1,
6377,1,
6378,0,
6379,1,
6380,1,
6381,0,
6382,-1,
6383,0,
6384,0,
6385,-1,
6386,-1,
6387,0,
6388,0,
6389,-1,
6390,-1,
6391,1,
6392,0,
6393,0,
6394,0,
6395,0,
6396,1,
6397,1,
6398,0,
6399,0,
6400,0,
6401,1,
6402,0,
6403,1,
6404,0,
6405,0,
6406,1,
6407,0,
6408,0,
6409,1,
6410,0,
6411,1,
6412,-1,
6413,-1,
6414,0,
6415,0,
6416,0,
6417,0,
6418,0,
6419,0,
6420,0,
6421,0,
6422,0,
6423,-1,
6424,-1,
6425,0,
6426,0,
6427,0,
6428,0,
6429,0,
6430,1,
6431,0,
6432,-1,
6433,1,
6434,0,
6435,0,
6436,0,
6437,0,
6438,0,
6439,0,
6440,0,
6441,0,
6442,0,
6443,1,
6444,1,
6445,1,
6446,0,
6447,1,
6448,-1,
6449,0,
6450,0,
6451,1,
6452,0,
6453,0,
6454,0,
6455,0,
6456,-1,
6457,0,
6458,0,
6459,0,
6460,0,
6461,-1,
6462,0,
6463,0,
6464,0,
6465,-1,
6466,-1,
6467,-1,
6468,0,
6469,0,
6470,0,
6471,0,
6472,0,
6473,0,
6474,0,
6475,-1,
6476,-2,
6477,0,
6478,0,
6479,0,
6480,0,
6481,-1,
6482,0,
6483,0,
6484,1,
6485,0,
6486,0,
6487,0,
6488,-1,
6489,0,
6490,0,
6491,1,
6492,0,
6493,0,
6494,0,
6495,0,
6496,0,
6497,0,
6498,1,
6499,1,
6500,0,
6501,0,
6502,0,
6503,0,
6504,0,
6505,0,
6506,0,
6507,1,
6508,0,
6509,0,
6510,0,
6511,0,
6512,0,
6513,-1,
6514,0,
6515,1,
6516,-1,
6517,0,
6518,0,
6519,0,
6520,0,
6521,1,
6522,1,
6523,0,
6524,-1,
6525,0,
6526,-1,
6527,0,
6528,0,
6529,0,
6530,0,
6531,0,
6532,0,
6533,1,
6534,0,
6535,0,
6536,1,
6537,-1,
6538,0,
6539,0,
6540,0,
6541,0,
6542,0,
6543,0,
6544,0,
6545,1,
6546,-1,
6547,0,
6548,0,
6549,0,
6550,0,
6551,1,
6552,0,
6553,0,
6554,0,
6555,0,
6556,0,
6557,0,
6558,0,
6559,-1,
6560,-1,
6561,0,
6562,0,
6563,1,
6564,0,
6565,0,
6566,-1,
6567,-1,
6568,0,
6569,0,
6570,0,
6571,0,
6572,0,
6573,0,
6574,-1,
6575,1,
6576,0,
6577,0,
6578,0,
6579,0,
6580,-1,
6581,0,
6582,-1,
6583,0,
6584,-1,
6585,0,
6586,0,
6587,0,
6588,-1,
6589,0,
6590,0,
6591,0,
6592,-1,
6593,-1,
6594,-1,
6595,0,
6596,0,
6597,0,
6598,0,
6599,1,
6600,-1,
6601,0,
6602,0,
6603,-1,
6604,0,
6605,0,
6606,0,
6607,-1,
6608,0,
6609,0,
6610,0,
6611,0,
6612,1,
6613,0,
6614,0,
6615,-1,
6616,-1,
6617,0,
6618,0,
6619,0,
6620,-1,
6621,-1,
6622,0,
6623,0,
6624,0,
6625,0,
6626,0,
6627,0,
6628,-1,
6629,0,
6630,0,
6631,1,
6632,0,
6633,-1,
6634,0,
6635,0,
6636,0,
6637,0,
6638,-1,
6639,-1,
6640,-1,
6641,-1,
6642,0,
6643,1,
6644,0,
6645,0,
6646,-1,
6647,0,
6648,-1,
6649,1,
6650,-1,
6651,1,
6652,1,
6653,0,
6654,0,
6655,0,
6656,0,
6657,0,
6658,-1,
6659,0,
6660,0,
6661,0,
6662,0,
6663,-1,
6664,0,
6665,-1,
6666,-1,
6667,0,
6668,0,
6669,1,
6670,-1,
6671,0,
6672,0,
6673,-1,
6674,-1,
6675,0,
6676,-1,
6677,0,
6678,0,
6679,-1,
6680,0,
6681,0,
6682,-1,
6683,0,
6684,0,
6685,-1,
6686,0,
6687,-1,
6688,-1,
6689,0,
6690,0,
6691,0,
6692,-1,
6693,0,
6694,0,
6695,0,
6696,0,
6697,0,
6698,-2,
6699,0,
6700,0,
6701,0,
6702,0,
6703,0,
6704,0,
6705,0,
6706,0,
6707,-1,
6708,0,
6709,0,
6710,0,
6711,1,
6712,0,
6713,0,
6714,0,
6715,0,
6716,-1,
6717,0,
6718,0,
6719,-1,
6720,0,
6721,0,
6722,0,
6723,0,
6724,-1,
6725,0,
6726,-1,
6727,0,
6728,-1,
6729,0,
6730,0,
6731,-1,
6732,1,
6733,-1,
6734,0,
6735,-1,
6736,0,
6737,0,
6738,0,
6739,-1,
6740,-1,
6741,0,
6742,0,
6743,0,
6744,1,
6745,0,
6746,0,
6747,0,
6748,0,
6749,-1,
6750,0,
6751,0,
6752,-1,
6753,0,
6754,1,
6755,-1,
6756,0,
6757,0,
6758,0,
6759,0,
6760,0,
6761,0,
6762,-1,
6763,-1,
6764,-1,
6765,0,
6766,0,
6767,0,
6768,-1,
6769,-1,
6770,0,
6771,0,
6772,-1,
6773,0,
6774,0,
6775,-1,
6776,0,
6777,0,
6778,-1,
6779,0,
6780,-1,
6781,0,
6782,0,
6783,-1,
6784,0,
6785,0,
6786,-1,
6787,-1,
6788,-1,
6789,0,
6790,0,
6791,0,
6792,0,
6793,0,
6794,0,
6795,0,
6796,0,
6797,-1,
6798,0,
6799,0,
6800,0,
6801,0,
6802,0,
6803,0,
6804,0,
6805,0,
6806,-1,
6807,-1,
6808,0,
6809,0,
6810,0,
6811,-1,
6812,-1,
6813,0,
6814,0,
6815,0,
6816,0,
6817,1,
6818,0,
6819,-1,
6820,1,
6821,0,
6822,0,
6823,-1,
6824,0,
6825,0,
6826,-1,
6827,-1,
6828,-1,
6829,-1,
6830,1,
6831,0,
6832,1,
6833,0,
6834,0,
6835,0,
6836,0,
6837,0,
6838,1,
6839,0,
6840,-1,
6841,0,
6842,0,
6843,-1,
6844,0,
6845,-2,
6846,-1,
6847,0,
6848,0,
6849,-1,
6850,-1,
6851,0,
6852,0,
6853,-1,
6854,0,
6855,-1,
6856,0,
6857,-1,
6858,0,
6859,0,
6860,0,
6861,0,
6862,0,
6863,1,
6864,0,
6865,0,
6866,-1,
6867,0,
6868,0,
6869,-1,
6870,0,
6871,-1,
6872,0,
6873,-1,
6874,0,
6875,-1,
6876,1,
6877,-1,
6878,0,
6879,0,
6880,-1,
6881,0,
6882,0,
6883,-1,
6884,-1,
6885,0,
6886,-1,
6887,-1,
6888,0,
6889,1,
6890,0,
6891,0,
6892,0,
6893,-1,
6894,-1,
6895,-1,
6896,0,
6897,0,
6898,0,
6899,0,
6900,0,
6901,0,
6902,0,
6903,0,
6904,0,
6905,-1,
6906,0,
6907,0,
6908,0,
6909,0,
6910,0,
6911,-1,
6912,-1,
6913,-1,
6914,0,
6915,-1,
6916,-1,
6917,0,
6918,-1,
6919,-1,
6920,-1,
6921,1,
6922,0,
6923,0,
6924,0,
6925,0,
6926,0,
6927,0,
6928,-1,
6929,0,
6930,0,
6931,-1,
6932,0,
6933,-1,
6934,-1,
6935,0,
6936,0,
6937,0,
6938,0,
6939,0,
6940,0,
6941,-1,
6942,0,
6943,-1,
6944,-1,
6945,0,
6946,0,
6947,-1,
6948,-1,
6949,-1,
6950,0,
6951,-1,
6952,0,
6953,0,
6954,0,
6955,0,
6956,0,
6957,0,
6958,1,
6959,0,
6960,0,
6961,0,
6962,0,
6963,1,
6964,0,
6965,0,
6966,0,
6967,-1,
6968,-1,
6969,-1,
6970,-1,
6971,0,
6972,-2,
6973,-1,
6974,0,
6975,0,
6976,-1,
6977,-1,
6978,0,
6979,-1,
6980,0,
6981,-1,
6982,-1,
6983,0,
6984,-1,
6985,0,
6986,-1,
6987,-1,
6988,0,
6989,0,
6990,1,
6991,0,
6992,-1,
6993,0,
6994,-1,
6995,-1,
6996,-1,
6997,0,
6998,-1,
6999,0,
7000,1,
7001,0,
7002,0,
7003,-1,
7004,-1,
7005,-1,
7006,-1,
7007,0,
7008,1,
7009,0,
7010,-1,
7011,-1,
7012,0,
7013,0,
7014,0,
7015,0,
7016,0,
7017,0,
7018,0,
7019,0,
7020,-1,
7021,-1,
7022,0,
7023,0,
7024,0,
7025,-1,
7026,0,
7027,1,
7028,0,
7029,1,
7030,1,
7031,1,
7032,0,
7033,0,
7034,0,
7035,-1,
7036,0,
7037,0,
7038,0,
7039,-1,
7040,0,
7041,-1,
7042,0,
7043,0,
7044,-1,
7045,-1,
7046,-1,
7047,0,
7048,-1,
7049,0,
7050,0,
7051,1,
7052,0,
7053,-1,
7054,0,
7055,1,
7056,0,
7057,0,
7058,-1,
7059,-1,
7060,1,
7061,-1,
7062,-1,
7063,0,
7064,-1,
7065,0,
7066,0,
7067,0,
7068,0,
7069,0,
7070,0,
7071,0,
7072,-1,
7073,0,
7074,0,
7075,0,
7076,0,
7077,-1,
7078,0,
7079,0,
7080,0,
7081,-1,
7082,0,
7083,0,
7084,0,
7085,-1,
7086,0,
7087,0,
7088,0,
7089,-1,
7090,-1,
7091,0,
7092,0,
7093,0,
7094,-1,
7095,1,
7096,0,
7097,0,
7098,0,
7099,0,
7100,1,
7101,0,
7102,0,
7103,0,
7104,-1,
7105,-1,
7106,0,
7107,0,
7108,-1,
7109,0,
7110,-1,
7111,-1,
7112,0,
7113,-1,
7114,-1,
7115,1,
7116,0,
7117,0,
7118,0,
7119,0,
7120,0,
7121,0,
7122,0,
7123,0,
7124,0,
7125,-1,
7126,0,
7127,0,
7128,0,
7129,0,
7130,0,
7131,-1,
7132,0,
7133,0,
7134,-1,
7135,0,
7136,0,
7137,0,
7138,0,
7139,0,
7140,0,
7141,0,
7142,0,
7143,0,
7144,0,
7145,-1,
7146,0,
7147,0,
7148,-1,
7149,0,
7150,0,
7151,0,
7152,0,
7153,0,
7154,0,
7155,0,
7156,0,
7157,0,
7158,0,
7159,0,
7160,0,
7161,0,
7162,1,
7163,1,
7164,0,
7165,-1,
7166,0,
7167,0,
7168,0,
7169,0,
7170,0,
7171,-1,
7172,-2,
7173,1,
7174,-1,
7175,-1,
7176,0,
7177,-1,
7178,0,
7179,0,
7180,-1,
7181,-1,
7182,0,
7183,-1,
7184,-1,
7185,-1,
7186,-1,
7187,0,
7188,-1,
7189,0,
7190,0,
7191,-1,
7192,0,
7193,-1,
7194,0,
7195,-1,
7196,0,
7197,-1,
7198,-1,
7199,0,
7200,0,
7201,0,
7202,0,
7203,-1,
7204,0,
7205,0,
7206,0,
7207,0,
7208,0,
7209,0,
7210,-1,
7211,0,
7212,0,
7213,0,
7214,0,
7215,-1,
7216,0,
7217,-1,
7218,0,
7219,-1,
7220,0,
7221,0,
7222,0,
7223,0,
7224,-1,
7225,0,
7226,1,
7227,0,
7228,0,
7229,0,
7230,0,
7231,0,
7232,0,
7233,0,
7234,-1,
7235,0,
7236,0,
7237,1,
7238,-1,
7239,-1,
7240,0,
7241,0,
7242,1,
7243,-1,
7244,-1,
7245,-1,
7246,0,
7247,0,
7248,0,
7249,-1,
7250,0,
7251,0,
7252,0,
7253,0,
7254,0,
7255,-1,
7256,1,
7257,0,
7258,0,
7259,0,
7260,-1,
7261,0,
7262,0,
7263,-1,
7264,0,
7265,-1,
7266,0,
7267,0,
7268,-1,
7269,-1,
7270,-1,
7271,0,
7272,0,
7273,0,
7274,0,
7275,0,
7276,-1,
7277,0,
7278,0,
7279,-1,
7280,0,
7281,0,
7282,0,
7283,-1,
7284,-1,
7285,0,
7286,0,
7287,0,
7288,0,
7289,0,
7290,0,
7291,-1,
7292,0,
7293,0,
7294,-1,
7295,-1,
7296,0,
7297,1,
7298,-1,
7299,0,
7300,0,
7301,0,
7302,0,
7303,0,
7304,-1,
7305,0,
7306,0,
7307,-1,
7308,0,
7309,0,
7310,-1,
7311,-1,
7312,0,
7313,-1,
7314,-1,
7315,-1,
7316,-1,
7317,1,
7318,-1,
7319,0,
7320,0,
7321,-1,
7322,0,
7323,0,
7324,-1,
7325,-1,
7326,0,
7327,-1,
7328,0,
7329,0,
7330,0,
7331,0,
7332,0,
7333,0,
7334,-1,
7335,0,
7336,-1,
7337,-1,
7338,-1,
7339,0,
7340,0,
7341,0,
7342,0,
7343,-1,
7344,-1,
7345,0,
7346,0,
7347,0,
7348,-1,
7349,0,
7350,-1,
7351,-1,
7352,-1,
7353,0,
7354,0,
7355,0,
7356,0,
7357,0,
7358,0,
7359,-1,
7360,-1,
7361,0,
7362,0,
7363,-1,
7364,0,
7365,0,
7366,0,
7367,-1,
7368,-1,
7369,0,
7370,0,
7371,0,
7372,0,
7373,-1,
7374,-1,
7375,0,
7376,0,
7377,1,
7378,-1,
7379,0,
7380,-1,
7381,0,
7382,0,
7383,-1,
7384,-1,
7385,0,
7386,0,
7387,-1,
7388,-1,
7389,0,
7390,0,
7391,0,
7392,0,
7393,0,
7394,-1,
7395,-1,
7396,0,
7397,-1,
7398,-1,
7399,-1,
7400,0,
7401,-1,
7402,0,
7403,0,
7404,0,
7405,-1,
7406,-1,
7407,0,
7408,0,
7409,0,
7410,0,
7411,0,
7412,-1,
7413,0,
7414,-1,
7415,0,
7416,0,
7417,0,
7418,0,
7419,1,
7420,-1,
7421,0,
7422,-1,
7423,-1,
7424,-1,
7425,-1,
7426,1,
7427,0,
7428,-1,
7429,-2,
7430,-1,
7431,0,
7432,0,
7433,0,
7434,-1,
7435,-1,
7436,-1,
7437,-1,
7438,-1,
7439,0,
7440,0,
7441,0,
7442,1,
7443,0,
7444,0,
7445,1,
7446,-1,
7447,-1,
7448,-1,
7449,-1,
7450,0,
7451,0,
7452,0,
7453,-1,
7454,0,
7455,-1,
7456,0,
7457,0,
7458,-1,
7459,0,
7460,-1,
7461,0,
7462,0,
7463,-1,
7464,-1,
7465,-1,
7466,-1,
7467,0,
7468,-1,
7469,0,
7470,-1,
7471,0,
7472,0,
7473,0,
7474,0,
7475,0,
7476,-1,
7477,0,
7478,0,
7479,-1,
7480,0,
7481,-1,
7482,0,
7483,0,
7484,0,
7485,-2,
7486,-1,
7487,1,
7488,0,
7489,-1,
7490,1,
7491,-1,
7492,0,
7493,-1,
7494,0,
7495,0,
7496,0,
7497,-1,
7498,-1,
7499,0,
7500,0,
7501,0,
7502,-1,
7503,0,
7504,0,
7505,0,
7506,0,
7507,-1,
7508,0,
7509,0,
7510,0,
7511,-1,
7512,-1,
7513,0,
7514,0,
7515,-1,
7516,0,
7517,0,
7518,-1,
7519,-1,
7520,0,
7521,-1,
7522,0,
7523,0,
7524,0,
7525,-1,
7526,0,
7527,0,
7528,0,
7529,0,
7530,-1,
7531,1,
7532,0,
7533,-1,
7534,-1,
7535,1,
7536,0,
7537,0,
7538,0,
7539,-1,
7540,-1,
7541,0,
7542,0,
7543,0,
7544,0,
7545,0,
7546,0,
7547,-1,
7548,0,
7549,0,
7550,0,
7551,0,
7552,0,
7553,-1,
7554,0,
7555,-1,
7556,0,
7557,0,
7558,0,
7559,-1,
7560,0,
7561,0,
7562,1,
7563,-1,
7564,-1,
7565,-1,
7566,0,
7567,0,
7568,1,
7569,0,
7570,1,
7571,0,
7572,0,
7573,0,
7574,0,
7575,0,
7576,0,
7577,1,
7578,1,
7579,0,
7580,0,
7581,1,
7582,0,
7583,0,
7584,-1,
7585,0,
7586,0,
7587,0,
7588,0,
7589,0,
7590,0,
7591,0,
7592,0,
7593,0,
7594,0,
7595,0,
7596,0,
7597,0,
7598,0,
7599,-1,
7600,-1,
7601,-1,
7602,0,
7603,-1,
7604,0,
7605,1,
7606,0,
7607,0,
7608,0,
7609,0,
7610,-1,
7611,0,
7612,-1,
7613,0,
7614,1,
7615,1,
7616,0,
7617,0,
7618,0,
7619,0,
7620,0,
7621,0,
7622,0,
7623,0,
7624,0,
7625,0,
7626,0,
7627,0,
7628,-1,
7629,-1,
7630,0,
7631,0,
7632,0,
7633,0,
7634,1,
7635,-1,
7636,-1,
7637,-1,
7638,0,
7639,0,
7640,0,
7641,0,
7642,0,
7643,0,
7644,0,
7645,-1,
7646,0,
7647,0,
7648,0,
7649,0,
7650,0,
7651,0,
7652,0,
7653,0,
7654,1,
7655,0,
7656,0,
7657,0,
7658,0,
7659,1,
7660,-1,
7661,0,
7662,0,
7663,0,
7664,-1,
7665,0,
7666,0,
7667,1,
7668,1,
7669,-1,
7670,1,
7671,1,
7672,0,
7673,0,
7674,-1,
7675,0,
7676,0,
7677,0,
7678,-1,
7679,0,
7680,0,
7681,0,
7682,0,
7683,0,
7684,0,
7685,0,
7686,0,
7687,0,
7688,0,
7689,0,
7690,-1,
7691,0,
7692,0,
7693,1,
7694,0,
7695,0,
7696,0,
7697,0,
7698,-1,
7699,0,
7700,1,
7701,1,
7702,0,
7703,1,
7704,0,
7705,0,
7706,0,
7707,0,
7708,0,
7709,0,
7710,0,
7711,1,
7712,0,
7713,0,
7714,0,
7715,0,
7716,-1,
7717,-1,
7718,-1,
7719,0,
7720,0,
7721,0,
7722,1,
7723,0,
7724,0,
7725,0,
7726,0,
7727,0,
7728,-1,
7729,0,
7730,0,
7731,0,
7732,1,
7733,0,
7734,0,
7735,0,
7736,0,
7737,1,
7738,1,
7739,0,
7740,-1,
7741,0,
7742,0,
7743,0,
7744,1,
7745,0,
7746,-1,
7747,-1,
7748,0,
7749,0,
7750,0,
7751,1,
7752,0,
7753,0,
7754,0,
7755,-1,
7756,0,
7757,-1,
7758,0,
7759,0,
7760,0,
7761,0,
7762,0,
7763,0,
7764,-1,
7765,0,
7766,0,
7767,0,
7768,0,
7769,0,
7770,0,
7771,0,
7772,0,
7773,0,
7774,0,
7775,1,
7776,0,
7777,0,
7778,0,
7779,0,
7780,0,
7781,0,
7782,1,
7783,1,
7784,0,
7785,1,
7786,1,
7787,-1,
7788,0,
7789,0,
7790,0,
7791,0,
7792,0,
7793,1,
7794,0,
7795,0,
7796,0,
7797,0,
7798,0,
7799,0,
7800,0,
7801,0,
7802,0,
7803,0,
7804,0,
7805,0,
7806,0,
7807,0,
7808,-1,
7809,0,
7810,0,
7811,0,
7812,0,
7813,-1,
7814,0,
7815,-1,
7816,0,
7817,-1,
7818,1,
7819,0,
7820,1,
7821,1,
7822,0,
7823,0,
7824,0,
7825,0,
7826,0,
7827,1,
7828,0,
7829,0,
7830,0,
7831,1,
7832,0,
7833,0,
7834,-1,
7835,-1,
7836,0,
7837,-1,
7838,0,
7839,0,
7840,0,
7841,0,
7842,1,
7843,-1,
7844,0,
7845,0,
7846,1,
7847,0,
7848,1,
7849,0,
7850,0,
7851,0,
7852,0,
7853,-1,
7854,-1,
7855,-1,
7856,0,
7857,0,
7858,0,
7859,0,
7860,0,
7861,0,
7862,-1,
7863,0,
7864,0,
7865,0,
7866,1,
7867,1,
7868,0,
7869,-1,
7870,1,
7871,0,
7872,0,
7873,0,
7874,0,
7875,1,
7876,0,
7877,0,
7878,1,
7879,0,
7880,0,
7881,0,
7882,1,
7883,0,
7884,1,
7885,0,
7886,1,
7887,2,
7888,-1,
7889,1,
7890,0,
7891,1,
7892,0,
7893,1,
7894,1,
7895,0,
7896,1,
7897,0,
7898,-1,
7899,0,
7900,-1,
7901,1,
7902,1,
7903,0,
7904,0,
7905,0,
7906,0,
7907,0,
7908,1,
7909,1,
7910,0,
7911,0,
7912,-1,
7913,1,
7914,0,
7915,0,
7916,0,
7917,1,
7918,0,
7919,0,
7920,-1,
7921,0,
7922,1,
7923,1,
7924,0,
7925,0,
7926,0,
7927,-1,
7928,0,
7929,0,
7930,1,
7931,0,
7932,1,
7933,0,
7934,1,
7935,0,
7936,0,
7937,1,
7938,0,
7939,1,
7940,0,
7941,-1,
7942,0,
7943,1,
7944,0,
7945,1,
7946,-1,
7947,0,
7948,0,
7949,0,
7950,1,
7951,1,
7952,1,
7953,1,
7954,0,
7955,1,
7956,1,
7957,1,
7958,0,
7959,0,
7960,0,
7961,0,
7962,1,
7963,1,
7964,1,
7965,0,
7966,1,
7967,0,
7968,0,
7969,0,
7970,0,
7971,0,
7972,0,
7973,1,
7974,1,
7975,-1,
7976,1,
7977,1,
7978,0,
7979,1,
7980,0,
7981,1,
7982,1,
7983,1,
7984,0,
7985,0,
7986,1,
7987,-1,
7988,0,
7989,1,
7990,1,
7991,1,
7992,1,
7993,1,
7994,1,
7995,0,
7996,0,
7997,0,
7998,0,
7999,0,
8000,0,
8001,1,
8002,1,
8003,0,
8004,1,
8005,0,
8006,0,
8007,0,
8008,1,
8009,1,
8010,1,
8011,-1,
8012,0,
8013,1,
8014,0,
8015,1,
8016,0,
8017,0,
8018,0,
8019,1,
8020,0,
8021,0,
8022,1,
8023,0,
8024,1,
8025,1,
8026,0,
8027,1,
8028,1,
8029,0,
8030,1,
8031,1,
8032,0,
8033,1,
8034,1,
8035,2,
8036,0,
8037,1,
8038,1,
8039,2,
8040,1,
8041,2,
8042,1,
8043,0,
8044,1,
8045,1,
8046,0,
8047,0,
8048,0,
8049,0,
8050,1,
8051,0,
8052,0,
8053,1,
8054,1,
8055,2,
8056,0,
8057,0,
8058,1,
8059,0,
8060,0,
8061,0,
8062,2,
8063,0,
8064,1,
8065,1,
8066,1,
8067,1,
8068,1,
8069,1,
8070,-1,
8071,1,
8072,2,
8073,0,
8074,-1,
8075,0,
8076,0,
8077,2,
8078,1,
8079,0,
8080,1,
8081,0,
8082,1,
8083,1,
8084,0,
8085,1,
8086,0,
8087,0,
8088,0,
8089,0,
8090,1,
8091,1,
8092,1,
8093,0,
8094,0,
8095,2,
8096,0,
8097,1,
8098,1,
8099,1,
8100,0,
8101,1,
8102,0,
8103,1,
8104,1,
8105,0,
8106,0,
8107,0,
8108,0,
8109,0,
8110,0,
8111,1,
8112,0,
8113,1,
8114,1,
8115,1,
8116,1,
8117,1,
8118,2,
8119,1,
8120,0,
8121,1,
8122,1,
8123,0,
8124,0,
8125,0,
8126,0,
8127,0,
8128,1,
8129,0,
8130,0,
8131,0,
8132,0,
8133,2,
8134,0,
8135,1,
8136,0,
8137,0,
8138,0,
8139,0,
8140,0,
8141,1,
8142,1,
8143,0,
8144,0,
8145,0,
8146,0,
8147,0,
8148,1,
8149,1,
8150,1,
8151,0,
8152,1,
8153,1,
8154,0,
8155,0,
8156,0,
8157,1,
8158,1,
8159,2,
8160,1,
8161,1,
8162,0,
8163,1,
8164,1,
8165,0,
8166,1,
8167,1,
8168,1,
8169,0,
8170,0,
8171,1,
8172,-1,
8173,0,
8174,0,
8175,1,
8176,1,
8177,1,
8178,2,
8179,0,
8180,1,
8181,1,
8182,1,
8183,0,
8184,-1,
8185,1,
8186,1,
8187,1,
8188,1,
8189,1,
8190,1,
8191,0,
8192,0,
8193,1,
8194,0,
8195,1,
8196,1,
8197,1,
8198,0,
8199,1,
8200,1,
8201,0,
8202,1,
8203,1,
8204,1,
8205,0,
8206,0,
8207,0,
8208,0,
8209,0,
8210,0,
8211,1,
8212,1,
8213,0,
8214,1,
8215,0,
8216,1,
8217,1,
8218,0,
8219,0,
8220,0,
8221,0,
8222,0,
8223,1,
8224,1,
8225,1,
8226,1,
8227,1,
8228,0,
8229,1,
8230,1,
8231,0,
8232,1,
8233,1,
8234,1,
8235,1,
8236,0,
8237,-1,
8238,1,
8239,1,
8240,1,
8241,-1,
8242,-1,
8243,0,
8244,1,
8245,-1,
8246,1,
8247,1,
8248,1,
8249,0,
8250,1,
8251,1,
8252,0,
8253,0,
8254,0,
8255,1,
8256,0,
8257,0,
8258,1,
8259,1,
8260,0,
8261,1,
8262,1,
8263,1,
8264,1,
8265,0,
8266,1,
8267,1,
8268,1,
8269,0,
8270,1,
8271,1,
8272,1,
8273,0,
8274,0,
8275,0,
8276,0,
8277,1,
8278,1,
8279,0,
8280,0,
8281,1,
8282,0,
8283,0,
8284,1,
8285,1,
8286,1,
8287,2,
8288,0,
8289,0,
8290,0,
8291,0,
8292,1,
8293,0,
8294,1,
8295,0,
8296,1,
8297,0,
8298,0,
8299,0,
8300,0,
8301,0,
8302,0,
8303,1,
8304,1,
8305,1,
8306,1,
8307,0,
8308,1,
8309,0,
8310,1,
8311,0,
8312,0,
8313,0,
8314,1,
8315,1,
8316,0,
8317,0,
8318,0,
8319,1,
8320,1,
8321,1,
8322,1,
8323,1,
8324,0,
8325,0,
8326,0,
8327,0,
8328,0,
8329,1,
8330,0,
8331,1,
8332,0,
8333,0,
8334,0,
8335,0,
8336,0,
8337,0,
8338,0,
8339,0,
8340,-1,
8341,0,
8342,0,
8343,0,
8344,0,
8345,0,
8346,0,
8347,1,
8348,1,
8349,1,
8350,0,
8351,0,
8352,1,
8353,0,
8354,1,
8355,0,
8356,0,
8357,0,
8358,0,
8359,0,
8360,0,
8361,0,
8362,1,
8363,0,
8364,0,
8365,0,
8366,1,
8367,1,
8368,1,
8369,0,
8370,0,
8371,0,
8372,0,
8373,0,
8374,0,
8375,0,
8376,1,
8377,0,
8378,1,
8379,0,
8380,1,
8381,1,
8382,1,
8383,1,
8384,-1,
8385,1,
8386,0,
8387,0,
8388,1,
8389,0,
8390,0,
8391,0,
8392,1,
8393,1,
8394,1,
8395,1,
8396,1,
8397,1,
8398,0,
8399,0,
8400,0,
8401,0,
8402,1,
8403,1,
8404,2,
8405,1,
8406,1,
8407,0,
8408,0,
8409,1,
8410,0,
8411,0,
8412,0,
8413,1,
8414,1,
8415,1,
8416,1,
8417,2,
8418,2,
8419,1,
8420,1,
8421,0,
8422,1,
8423,0,
8424,1,
8425,1,
8426,0,
8427,1,
8428,0,
8429,1,
8430,1,
8431,0,
8432,1,
8433,0,
8434,0,
8435,1,
8436,1,
8437,0,
8438,1,
8439,1,
8440,1,
8441,0,
8442,0,
8443,0,
8444,1,
8445,1,
8446,1,
8447,0,
8448,1,
8449,1,
8450,0,
8451,1,
8452,1,
8453,-1,
8454,0,
8455,1,
8456,0,
8457,1,
8458,1,
8459,1,
8460,0,
8461,1,
8462,1,
8463,1,
8464,2,
8465,0,
8466,0,
8467,1,
8468,0,
8469,2,
8470,1,
8471,0,
8472,0,
8473,0,
8474,1,
8475,1,
8476,0,
8477,1,
8478,0,
8479,1,
8480,1,
8481,0,
8482,0,
8483,0,
8484,1,
8485,1,
8486,0,
8487,0,
8488,1,
8489,0,
8490,1,
8491,0,
8492,0,
8493,0,
8494,0,
8495,1,
8496,1,
8497,0,
8498,1,
8499,0,
8500,0,
8501,1,
8502,0,
8503,1,
8504,0,
8505,0,
8506,1,
8507,0,
8508,1,
8509,0,
8510,1,
8511,1,
8512,1,
8513,0,
8514,0,
8515,1,
8516,0,
8517,0,
8518,1,
8519,0,
8520,0,
8521,0,
8522,0,
8523,0,
8524,1,
8525,-1,
8526,1,
8527,1,
8528,1,
8529,1,
8530,0,
8531,1,
8532,1,
8533,1,
8534,1,
8535,1,
8536,1,
8537,-1,
8538,0,
8539,1,
8540,1,
8541,1,
8542,0,
8543,1,
8544,0,
8545,0,
8546,0,
8547,0,
8548,1,
8549,0,
8550,1,
8551,1,
8552,1,
8553,1,
8554,0,
8555,1,
8556,1,
8557,1,
8558,1,
8559,1,
8560,1,
8561,0,
8562,1,
8563,0,
8564,0,
8565,0,
8566,0,
8567,-1,
8568,0,
8569,1,
8570,1,
8571,1,
8572,1,
8573,1,
8574,0,
8575,0,
8576,0,
8577,1,
8578,1,
8579,1,
8580,1,
8581,1,
8582,0,
8583,0,
8584,0,
8585,0,
8586,0,
8587,0,
8588,0,
8589,0,
8590,0,
8591,1,
8592,1,
8593,1,
8594,1,
8595,1,
8596,0,
8597,0,
8598,0,
8599,0,
8600,0,
8601,1,
8602,1,
8603,1,
8604,1,
8605,1,
8606,1,
8607,0,
8608,0,
8609,0,
8610,0,
8611,1,
8612,0,
8613,-1,
8614,0,
8615,0,
8616,0,
8617,1,
8618,1,
8619,0,
8620,0,
8621,0,
8622,1,
8623,0,
8624,0,
8625,1,
8626,0,
8627,1,
8628,1,
8629,1,
8630,0,
8631,-1,
8632,1,
8633,1,
8634,0,
8635,0,
8636,0,
8637,1,
8638,1,
8639,1,
8640,0,
8641,1,
8642,1,
8643,1,
8644,1,
8645,1,
8646,0,
8647,1,
8648,0,
8649,0,
8650,0,
8651,0,
8652,0,
8653,1,
8654,1,
8655,1,
8656,0,
8657,0,
8658,0,
8659,0,
8660,1,
8661,0,
8662,0,
8663,1,
8664,1,
8665,2,
8666,1,
8667,1,
8668,0,
8669,0,
8670,0,
8671,0,
8672,1,
8673,1,
8674,1,
8675,0,
8676,0,
8677,1,
8678,1,
8679,0,
8680,0,
8681,0,
8682,0,
8683,1,
8684,1,
8685,1,
8686,1,
8687,0,
8688,0,
8689,0,
8690,1,
8691,0,
8692,-1,
8693,1,
8694,1,
8695,1,
8696,0,
8697,1,
8698,1,
8699,0,
8700,-1,
8701,0,
8702,0,
8703,0,
8704,0,
8705,0,
8706,0,
8707,1,
8708,0,
8709,0,
8710,1,
8711,1,
8712,1,
8713,1,
8714,0,
8715,0,
8716,1,
8717,1,
8718,1,
8719,1,
8720,1,
8721,1,
8722,1,
8723,1,
8724,0,
8725,0,
8726,0,
8727,1,
8728,0,
8729,1,
8730,1,
8731,1,
8732,1,
8733,0,
8734,1,
8735,0,
8736,1,
8737,0,
8738,1,
8739,-1,
8740,0,
8741,1,
8742,-1,
8743,1,
8744,0,
8745,1,
8746,1,
8747,1,
8748,0,
8749,1,
8750,1,
8751,0,
8752,0,
8753,0,
8754,0,
8755,0,
8756,1,
8757,1,
8758,0,
8759,1,
8760,0,
8761,1,
8762,1,
8763,-1,
8764,0,
8765,0,
8766,0,
8767,0,
8768,1,
8769,0,
8770,0,
8771,0,
8772,0,
8773,1,
8774,1,
8775,0,
8776,0,
8777,0,
8778,0,
8779,0,
8780,0,
8781,0,
8782,0,
8783,1,
8784,2,
8785,0,
8786,1,
8787,0,
8788,1,
8789,1,
8790,1,
8791,1,
8792,1,
8793,0,
8794,0,
8795,0,
8796,0,
8797,0,
8798,1,
8799,0,
8800,0,
8801,0,
8802,0,
8803,0,
8804,0,
8805,0,
8806,1,
8807,1,
8808,1,
8809,0,
8810,1,
8811,0,
8812,0,
8813,0,
8814,1,
8815,1,
8816,0,
8817,0,
8818,0,
8819,0,
8820,0,
8821,0,
8822,0,
8823,0,
8824,0,
8825,0,
8826,1,
8827,-1,
8828,1,
8829,0,
8830,1,
8831,0,
8832,1,
8833,0,
8834,1,
8835,0,
8836,1,
8837,1,
8838,1,
8839,1,
8840,1,
8841,0,
8842,1,
8843,0,
8844,0,
8845,1,
8846,1,
8847,0,
8848,1,
8849,0,
8850,1,
8851,1,
8852,0,
8853,0,
8854,1,
8855,1,
8856,1,
8857,0,
8858,0,
8859,0,
8860,0,
8861,0,
8862,0,
8863,1,
8864,1,
8865,1,
8866,1,
8867,0,
8868,1,
8869,0,
8870,0,
8871,1,
8872,1,
8873,1,
8874,1,
8875,0,
8876,0,
8877,1,
8878,1,
8879,0,
8880,0,
8881,0,
8882,0,
8883,0,
8884,0,
8885,0,
8886,1,
8887,0,
8888,0,
8889,0,
8890,1,
8891,0,
8892,0,
8893,1,
8894,1,
8895,0,
8896,1,
8897,1,
8898,1,
8899,0,
8900,0,
8901,0,
8902,0,
8903,1,
8904,1,
8905,0,
8906,0,
8907,0,
8908,1,
8909,0,
8910,0,
8911,0,
8912,1,
8913,1,
8914,1,
8915,1,
8916,1,
8917,1,
8918,0,
8919,0,
8920,0,
8921,0,
8922,0,
8923,0,
8924,1,
8925,0,
8926,1,
8927,1,
8928,0,
8929,0,
8930,1,
8931,0,
8932,1,
8933,0,
8934,-1,
8935,0,
8936,0,
8937,1,
8938,1,
8939,0,
8940,1,
8941,1,
8942,-1,
8943,1,
8944,0,
8945,0,
8946,0,
8947,0,
8948,0,
8949,1,
8950,0,
8951,1,
8952,0,
8953,0,
8954,1,
8955,0,
8956,0,
8957,0,
8958,1,
8959,0,
8960,1,
8961,2,
8962,1,
8963,0,
8964,1,
8965,0,
8966,0,
8967,1,
8968,0,
8969,1,
8970,2,
8971,0,
8972,0,
8973,0,
8974,0,
8975,1,
8976,0,
8977,1,
8978,0,
8979,1,
8980,0,
8981,1,
8982,1,
8983,1,
8984,1,
8985,1,
8986,0,
8987,0,
8988,1,
8989,1,
8990,0,
8991,0,
8992,0,
8993,0,
8994,0,
8995,-1,
8996,0,
8997,0,
8998,0,
8999,-1,
9000,1,
9001,1,
9002,-1,
9003,0,
9004,0,
9005,1,
9006,2,
9007,-1,
9008,0,
9009,0,
9010,0,
9011,1,
9012,1,
9013,1,
9014,0,
9015,-1,
9016,0,
9017,1,
9018,0,
9019,1,
9020,1,
9021,1,
9022,0,
9023,-1,
9024,1,
9025,0,
9026,0,
9027,-1,
9028,1,
9029,1,
9030,1,
9031,0,
9032,0,
9033,1,
9034,0,
9035,0,
9036,1,
9037,0,
9038,1,
9039,0,
9040,0,
9041,-1,
9042,0,
9043,0,
9044,-1,
9045,1,
9046,0,
9047,0,
9048,0,
9049,1,
9050,0,
9051,0,
9052,1,
9053,0,
9054,1,
9055,1,
9056,0,
9057,0,
9058,0,
9059,1,
9060,0,
9061,0,
9062,0,
9063,0,
9064,1,
9065,0,
9066,1,
9067,1,
9068,0,
9069,1,
9070,1,
9071,0,
9072,0,
9073,0,
9074,0,
9075,0,
9076,1,
9077,0,
9078,1,
9079,0,
9080,1,
9081,1,
9082,0,
9083,1,
9084,0,
9085,0,
9086,1,
9087,0,
9088,1,
9089,1,
9090,1,
9091,0,
9092,0,
9093,0,
9094,1,
9095,1,
9096,-1,
9097,0,
9098,1,
9099,1,
9100,0,
9101,1,
9102,0,
9103,0,
9104,0,
9105,0,
9106,0,
9107,0,
9108,2,
9109,0,
9110,0,
9111,1,
9112,0,
9113,0,
9114,0,
9115,1,
9116,0,
9117,0,
9118,0,
9119,0,
9120,1,
9121,1,
9122,0,
9123,0,
9124,0,
9125,0,
9126,0,
9127,0,
9128,0,
9129,1,
9130,1,
9131,1,
9132,1,
9133,0,
9134,1,
9135,0,
9136,0,
9137,1,
9138,0,
9139,1,
9140,0,
9141,1,
9142,1,
9143,1,
9144,0,
9145,0,
9146,0,
9147,0,
9148,0,
9149,1,
9150,1,
9151,0,
9152,1,
9153,0,
9154,1,
9155,0,
9156,1,
9157,0,
9158,0,
9159,0,
9160,0,
9161,1,
9162,1,
9163,1,
9164,0,
9165,0,
9166,1,
9167,1,
9168,1,
9169,0,
9170,1,
9171,0,
9172,0,
9173,0,
9174,0,
9175,0,
9176,0,
9177,-1,
9178,1,
9179,1,
9180,1,
9181,0,
9182,0,
9183,1,
9184,1,
9185,1,
9186,0,
9187,1,
9188,0,
9189,0,
9190,1,
9191,0,
9192,0,
9193,0,
9194,0,
9195,0,
9196,-1,
9197,0,
9198,0,
9199,1,
9200,1,
9201,0,
9202,0,
9203,0,
9204,1,
9205,1,
9206,0,
9207,0,
9208,1,
9209,0,
9210,0,
9211,1,
9212,1,
9213,0,
9214,0,
9215,0,
9216,0,
9217,0,
9218,1,
9219,1,
9220,0,
9221,1,
9222,1,
9223,1,
9224,0,
9225,1,
9226,0,
9227,0,
9228,0,
9229,1,
9230,0,
9231,0,
9232,0,
9233,0,
9234,0,
9235,1,
9236,0,
9237,0,
9238,0,
9239,0,
9240,1,
9241,1,
9242,0,
9243,0,
9244,0,
9245,0,
9246,0,
9247,0,
9248,0,
9249,0,
9250,0,
9251,1,
9252,0,
9253,0,
9254,0,
9255,-1,
9256,0,
9257,1,
9258,0,
9259,1,
9260,0,
9261,1,
9262,1,
9263,0,
9264,0,
9265,0,
9266,0,
9267,1,
9268,0,
9269,0,
9270,1,
9271,1,
9272,0,
9273,0,
9274,0,
9275,0,
9276,0,
9277,0,
9278,1,
9279,1,
9280,1,
9281,0,
9282,1,
9283,0,
9284,1,
9285,0,
9286,0,
9287,1,
9288,1,
9289,0,
9290,0,
9291,0,
9292,0,
9293,1,
9294,0,
9295,1,
9296,0,
9297,0,
9298,1,
9299,1,
9300,1,
9301,1,
9302,-1,
9303,1,
9304,0,
9305,1,
9306,0,
9307,1,
9308,0,
9309,1,
9310,0,
9311,0,
9312,1,
9313,1,
9314,1,
9315,1,
9316,0,
9317,0,
9318,1,
9319,1,
9320,1,
9321,0,
9322,0,
9323,1,
9324,1,
9325,1,
9326,1,
9327,1,
9328,1,
9329,0,
9330,0,
9331,1,
9332,1,
9333,1,
9334,1,
9335,1,
9336,1,
9337,2,
9338,1,
9339,1,
9340,0,
9341,1,
9342,1,
9343,0,
9344,1,
9345,0,
9346,1,
9347,1,
9348,1,
9349,0,
9350,0,
9351,0,
9352,1,
9353,1,
9354,0,
9355,1,
9356,1,
9357,0,
9358,1,
9359,0,
9360,1,
9361,0,
9362,1,
9363,0,
9364,1,
9365,0,
9366,0,
9367,0,
9368,1,
9369,0,
9370,1,
9371,0,
9372,1,
9373,1,
9374,1,
9375,0,
9376,1,
9377,1,
9378,0,
9379,1,
9380,0,
9381,1,
9382,0,
9383,0,
9384,0,
9385,1,
9386,1,
9387,1,
9388,1,
9389,0,
9390,0,
9391,1,
9392,1,
9393,-1,
9394,1,
9395,1,
9396,0,
9397,0,
9398,1,
9399,1,
9400,1,
9401,1,
9402,1,
9403,1,
9404,0,
9405,1,
9406,1,
9407,0,
9408,0,
9409,0,
9410,1,
9411,1,
9412,1,
9413,0,
9414,0,
9415,0,
9416,1,
9417,1,
9418,0,
9419,1,
9420,1,
9421,0,
9422,1,
9423,1,
9424,0,
9425,0,
9426,2,
9427,1,
9428,1,
9429,1,
9430,1,
9431,0,
9432,0,
9433,1,
9434,1,
9435,1,
9436,1,
9437,1,
9438,0,
9439,2,
9440,1,
9441,1,
9442,1,
9443,2,
9444,2,
9445,1,
9446,0,
9447,0,
9448,0,
9449,1,
9450,1,
9451,1,
9452,0,
9453,1,
9454,1,
9455,1,
9456,1,
9457,0,
9458,0,
9459,2,
9460,1,
9461,0,
9462,0,
9463,1,
9464,1,
9465,1,
9466,2,
9467,1,
9468,0,
9469,1,
9470,1,
9471,1,
9472,0,
9473,1,
9474,0,
9475,0,
9476,1,
9477,0,
9478,1,
9479,1,
9480,1,
9481,0,
9482,0,
9483,0,
9484,1,
9485,1,
9486,1,
9487,0,
9488,1,
9489,1,
9490,0,
9491,0,
9492,1,
9493,1,
9494,0,
9495,0,
9496,1,
9497,1,
9498,1,
9499,1,
9500,0,
9501,-1,
9502,1,
9503,1,
9504,2,
9505,1,
9506,1,
9507,1,
9508,0,
9509,1,
9510,1,
9511,1,
9512,1,
9513,1,
9514,1,
9515,0,
9516,0,
9517,2,
9518,1,
9519,0,
9520,1,
9521,1,
9522,1,
9523,1,
9524,1,
9525,1,
9526,0,
9527,1,
9528,1,
9529,0,
9530,0,
9531,0,
9532,0,
9533,1,
9534,0,
9535,0,
9536,0,
9537,0,
9538,0,
9539,1,
9540,0,
9541,0,
9542,0,
9543,1,
9544,0,
9545,1,
9546,1,
9547,2,
9548,1,
9549,0,
9550,0,
9551,0,
9552,1,
9553,0,
9554,1,
9555,1,
9556,1,
9557,1,
9558,0,
9559,2,
9560,0,
9561,0,
9562,0,
9563,0,
9564,0,
9565,0,
9566,0,
9567,1,
9568,0,
9569,1,
9570,1,
9571,0,
9572,1,
9573,1,
9574,0,
9575,0,
9576,0,
9577,1,
9578,0,
9579,1,
9580,0,
9581,1,
9582,0,
9583,1,
9584,1,
9585,1,
9586,0,
9587,0,
9588,0,
9589,1,
9590,1,
9591,1,
9592,1,
9593,0,
9594,1,
